product_guide_id,product_id,guide_id
0,2,1
1,4,1
2,3,1
3,1396,2
4,578,2
5,577,2
6,1397,2
7,12,1
8,1398,1
9,1399,1
10,1400,1
11,1401,1
12,108,1
13,134,1
14,1402,2
15,188,1
16,189,1
17,211,2
18,1403,2
19,1404,2
20,1405,2
21,1406,2
22,284,1
23,1407,2
24,646,2
25,1408,2
26,1409,2
27,1410,2
28,1411,2
29,1412,2
30,1413,2
31,1414,2
32,1415,2
33,1416,2
34,1417,2
35,1418,2
36,1419,2
37,1420,2
38,846,1
39,913,1
40,1421,2
41,1422,2
42,1423,2
43,1424,2
44,1425,2
45,1426,1
46,1427,1
47,596,1
48,1223,2
49,1428,2
50,1229,2
51,1262,1
52,1599,3
53,1600,3
54,1601,3
55,0,13
56,1,14
57,5,13
58,6,15
59,7,15
60,8,13
61,9,15
62,10,15
63,11,15
64,13,14
65,14,14
66,15,14
67,16,14
68,17,13
69,18,14
70,19,13
71,20,13
72,21,13
73,22,15
74,23,15
75,24,15
76,25,15
77,26,15
78,27,15
79,28,13
80,29,13
81,30,13
82,31,15
83,32,15
84,33,13
85,34,13
86,35,15
87,36,15
88,37,14
89,38,15
90,39,15
91,40,15
92,41,15
93,42,15
94,43,15
95,44,14
96,45,13
97,46,13
98,47,13
99,48,15
100,49,15
101,50,13
102,51,13
103,52,15
104,53,15
105,54,15
106,55,15
107,56,14
108,57,15
109,58,15
110,59,15
111,60,13
112,61,15
113,62,14
114,63,14
115,64,14
116,65,15
117,66,13
118,67,13
119,68,15
120,69,14
121,70,14
122,71,14
123,72,14
124,73,14
125,74,14
126,75,14
127,76,15
128,77,14
129,78,14
130,79,14
131,80,13
132,81,14
133,82,13
134,83,14
135,84,15
136,85,14
137,86,15
138,87,13
139,88,14
140,89,14
141,90,14
142,91,13
143,92,13
144,93,13
145,94,13
146,95,13
147,96,15
148,97,15
149,98,13
150,99,14
151,100,14
152,101,13
153,102,14
154,103,14
155,104,14
156,105,15
157,106,13
158,107,13
159,109,15
160,110,15
161,111,15
162,112,15
163,113,15
164,114,15
165,115,15
166,116,15
167,117,15
168,118,13
169,119,13
170,120,14
171,121,13
172,122,14
173,123,14
174,124,14
175,125,14
176,126,14
177,127,13
178,128,13
179,129,13
180,130,13
181,131,14
182,132,14
183,133,14
184,135,15
185,136,15
186,137,15
187,138,13
188,139,13
189,140,13
190,141,13
191,142,14
192,143,13
193,144,13
194,145,13
195,146,13
196,147,14
197,148,14
198,149,14
199,150,14
200,151,13
201,152,13
202,153,14
203,154,13
204,155,13
205,156,14
206,157,14
207,158,14
208,159,13
209,160,13
210,161,15
211,162,15
212,163,15
213,164,15
214,165,15
215,166,13
216,167,15
217,168,15
218,169,15
219,170,15
220,171,15
221,172,14
222,173,14
223,174,13
224,175,13
225,176,13
226,177,13
227,178,13
228,179,13
229,180,15
230,181,13
231,182,13
232,183,15
233,184,13
234,185,14
235,186,14
236,187,14
237,190,14
238,191,15
239,192,13
240,193,13
241,194,15
242,195,14
243,196,13
244,197,13
245,198,14
246,199,14
247,200,14
248,201,15
249,202,13
250,203,15
251,204,15
252,205,14
253,206,14
254,207,13
255,208,13
256,209,14
257,210,14
258,212,15
259,213,14
260,214,15
261,215,14
262,216,13
263,217,15
264,218,15
265,219,13
266,220,15
267,221,15
268,222,15
269,223,13
270,224,13
271,225,13
272,226,15
273,227,15
274,228,14
275,229,14
276,230,14
277,231,14
278,232,14
279,233,14
280,234,14
281,235,14
282,236,14
283,237,14
284,238,14
285,239,14
286,240,14
287,241,14
288,242,14
289,243,14
290,244,14
291,245,14
292,246,14
293,247,14
294,248,14
295,249,14
296,250,14
297,251,14
298,252,14
299,253,14
300,254,14
301,255,14
302,256,14
303,257,14
304,258,14
305,259,14
306,260,14
307,261,14
308,262,15
309,263,15
310,264,13
311,265,13
312,266,13
313,267,13
314,268,13
315,269,13
316,270,15
317,271,14
318,272,14
319,273,14
320,274,14
321,275,14
322,276,14
323,277,14
324,278,15
325,279,13
326,280,13
327,281,14
328,282,13
329,283,13
330,285,14
331,286,14
332,287,15
333,288,15
334,289,13
335,290,14
336,291,14
337,292,14
338,293,13
339,294,15
340,295,15
341,296,13
342,297,15
343,298,15
344,299,15
345,300,15
346,301,15
347,302,15
348,303,15
349,304,15
350,305,15
351,306,15
352,307,15
353,308,15
354,309,15
355,310,15
356,311,15
357,312,15
358,313,15
359,314,15
360,315,15
361,316,15
362,317,15
363,318,15
364,319,15
365,320,15
366,321,15
367,322,15
368,323,15
369,324,13
370,325,15
371,326,15
372,327,15
373,328,15
374,329,15
375,330,15
376,331,15
377,332,15
378,73,15
379,333,15
380,334,15
381,335,15
382,336,15
383,337,15
384,338,15
385,339,15
386,340,15
387,341,13
388,342,14
389,343,14
390,344,14
391,345,14
392,346,14
393,347,14
394,348,14
395,349,14
396,350,14
397,351,14
398,352,14
399,353,14
400,354,14
401,355,14
402,356,13
403,357,13
404,358,13
405,359,13
406,360,13
407,361,13
408,362,13
409,363,13
410,364,13
411,365,13
412,366,13
413,367,15
414,368,15
415,369,15
416,370,15
417,371,15
418,372,14
419,373,15
420,374,15
421,375,13
422,376,13
423,377,13
424,378,13
425,379,15
426,380,15
427,381,15
428,382,15
429,383,15
430,384,15
431,385,15
432,386,15
433,387,13
434,388,13
435,389,13
436,390,13
437,391,13
438,392,13
439,393,13
440,394,13
441,395,13
442,396,13
443,397,13
444,398,13
445,399,13
446,400,13
447,401,14
448,402,14
449,403,14
450,404,14
451,405,14
452,406,14
453,407,14
454,408,14
455,409,14
456,410,14
457,411,14
458,412,14
459,413,14
460,414,13
461,415,13
462,416,14
463,417,14
464,418,14
465,419,14
466,420,14
467,421,14
468,422,14
469,423,14
470,424,14
471,425,14
472,426,14
473,427,14
474,428,14
475,429,14
476,430,14
477,431,14
478,432,14
479,433,14
480,434,14
481,435,14
482,436,14
483,437,14
484,438,14
485,439,14
486,440,14
487,441,14
488,442,14
489,443,14
490,444,14
491,445,14
492,446,14
493,447,14
494,448,14
495,449,14
496,450,14
497,451,14
498,452,14
499,453,14
500,454,14
501,455,14
502,456,14
503,457,14
504,458,14
505,459,15
506,460,15
507,461,15
508,462,15
509,463,15
510,464,15
511,465,15
512,466,15
513,467,15
514,468,15
515,469,14
516,470,14
517,471,14
518,472,15
519,473,15
520,474,15
521,475,15
522,476,15
523,477,14
524,478,15
525,479,14
526,480,14
527,481,15
528,482,15
529,483,15
530,484,14
531,485,14
532,486,15
533,487,13
534,488,15
535,489,15
536,490,13
537,491,13
538,492,13
539,493,15
540,494,15
541,495,15
542,496,15
543,497,15
544,498,15
545,499,15
546,500,15
547,501,15
548,502,15
549,503,14
550,504,14
551,505,14
552,506,15
553,507,15
554,508,13
555,509,15
556,510,15
557,511,15
558,512,15
559,513,15
560,514,15
561,515,15
562,516,13
563,517,13
564,518,13
565,519,13
566,520,13
567,521,13
568,522,13
569,523,14
570,524,14
571,525,14
572,526,13
573,527,13
574,528,13
575,529,13
576,530,13
577,531,13
578,532,13
579,533,13
580,534,13
581,535,13
582,536,13
583,537,13
584,538,13
585,539,13
586,540,13
587,541,13
588,542,13
589,543,13
590,544,13
591,545,13
592,546,13
593,49,13
594,547,13
595,548,15
596,549,15
597,550,15
598,551,15
599,552,15
600,553,15
601,554,15
602,555,15
603,556,15
604,557,15
605,558,15
606,559,15
607,560,15
608,561,15
609,562,15
610,563,15
611,564,15
612,565,15
613,566,15
614,567,15
615,568,15
616,569,13
617,570,13
618,571,13
619,572,13
620,573,13
621,574,13
622,575,13
623,576,13
624,579,13
625,580,13
626,581,13
627,582,13
628,583,13
629,584,13
630,585,13
631,586,13
632,587,13
633,588,13
634,589,14
635,590,14
636,591,14
637,592,14
638,593,14
639,594,14
640,595,15
641,597,14
642,598,14
643,599,14
644,600,15
645,601,15
646,602,15
647,603,15
648,604,15
649,605,15
650,606,15
651,607,15
652,608,15
653,609,15
654,610,15
655,611,15
656,612,15
657,613,15
658,614,15
659,615,15
660,616,14
661,617,14
662,618,14
663,619,14
664,620,14
665,621,14
666,622,14
667,623,14
668,624,14
669,625,13
670,626,13
671,627,14
672,628,14
673,629,14
674,630,14
675,631,14
676,632,15
677,633,13
678,634,15
679,635,15
680,636,15
681,637,15
682,638,15
683,639,15
684,640,14
685,641,14
686,642,14
687,643,14
688,644,14
689,645,14
690,647,14
691,648,14
692,649,14
693,650,14
694,651,14
695,652,15
696,653,15
697,654,15
698,655,15
699,656,15
700,657,15
701,658,15
702,659,15
703,660,15
704,661,15
705,662,15
706,663,15
707,664,15
708,665,15
709,666,13
710,667,13
711,668,14
712,669,14
713,670,14
714,671,14
715,672,14
716,673,14
717,674,14
718,675,14
719,676,15
720,677,15
721,678,13
722,679,14
723,680,14
724,681,14
725,682,14
726,683,15
727,684,15
728,685,15
729,686,15
730,687,15
731,688,15
732,689,15
733,690,15
734,691,15
735,692,15
736,693,15
737,694,15
738,695,15
739,696,15
740,697,15
741,698,15
742,699,13
743,700,13
744,701,13
745,702,13
746,703,13
747,704,13
748,705,13
749,706,13
750,707,13
751,708,13
752,709,13
753,710,13
754,711,13
755,712,14
756,713,14
757,714,14
758,715,14
759,716,14
760,717,13
761,718,15
762,719,14
763,720,14
764,721,14
765,722,14
766,723,13
767,724,13
768,725,14
769,726,14
770,727,14
771,728,14
772,729,15
773,730,15
774,731,15
775,732,13
776,733,13
777,734,13
778,735,13
779,736,13
780,737,13
781,738,15
782,739,15
783,740,15
784,741,15
785,742,14
786,743,14
787,744,14
788,745,14
789,746,14
790,747,14
791,748,14
792,749,14
793,750,14
794,751,14
795,752,14
796,753,14
797,754,14
798,755,14
799,756,14
800,757,14
801,758,14
802,759,14
803,760,14
804,761,14
805,762,14
806,691,13
807,763,15
808,764,15
809,765,15
810,491,15
811,766,14
812,767,14
813,768,14
814,769,14
815,770,14
816,771,15
817,772,15
818,773,13
819,774,13
820,775,13
821,776,13
822,777,13
823,778,14
824,779,13
825,780,13
826,781,13
827,782,13
828,783,13
829,784,13
830,785,15
831,786,15
832,787,15
833,788,15
834,789,15
835,790,15
836,791,15
837,792,14
838,793,14
839,794,14
840,795,14
841,796,14
842,797,14
843,798,14
844,799,14
845,800,14
846,801,14
847,802,14
848,803,15
849,804,15
850,805,15
851,806,14
852,807,14
853,808,14
854,809,14
855,810,14
856,811,14
857,812,15
858,813,15
859,814,15
860,815,15
861,816,13
862,817,13
863,818,13
864,819,14
865,820,15
866,821,15
867,822,13
868,823,15
869,824,15
870,825,13
871,826,15
872,827,13
873,828,13
874,829,13
875,830,15
876,831,14
877,832,14
878,833,14
879,834,15
880,835,14
881,836,14
882,837,14
883,838,14
884,839,14
885,840,14
886,841,14
887,842,14
888,843,14
889,844,14
890,845,13
891,847,15
892,848,15
893,849,15
894,850,14
895,851,14
896,852,14
897,853,14
898,854,14
899,855,14
900,856,14
901,857,14
902,858,14
903,859,14
904,860,14
905,861,14
906,862,14
907,863,14
908,864,14
909,865,14
910,866,13
911,867,13
912,868,13
913,869,13
914,870,13
915,871,13
916,872,13
917,873,13
918,874,13
919,875,13
920,876,14
921,877,14
922,878,14
923,879,14
924,880,14
925,881,14
926,882,15
927,883,15
928,884,14
929,885,13
930,886,14
931,887,14
932,888,15
933,889,15
934,890,15
935,891,15
936,892,15
937,893,15
938,894,15
939,895,15
940,896,15
941,897,15
942,898,13
943,899,14
944,900,14
945,901,14
946,902,14
947,903,15
948,904,15
949,905,13
950,906,13
951,907,14
952,908,14
953,909,14
954,910,14
955,911,14
956,912,14
957,914,14
958,915,14
959,916,14
960,917,14
961,918,14
962,919,14
963,920,14
964,921,15
965,922,15
966,923,14
967,924,13
968,925,15
969,926,15
970,927,15
971,928,15
972,929,15
973,930,15
974,931,14
975,932,14
976,933,15
977,934,15
978,935,14
979,936,15
980,937,15
981,938,15
982,939,15
983,940,15
984,941,13
985,942,13
986,943,15
987,944,14
988,945,14
989,946,13
990,947,14
991,948,15
992,949,15
993,950,15
994,951,15
995,952,15
996,953,15
997,954,15
998,955,15
999,956,15
1000,957,15
1001,958,13
1002,959,13
1003,960,13
1004,961,13
1005,962,13
1006,963,13
1007,964,13
1008,965,13
1009,966,13
1010,967,13
1011,968,13
1012,969,15
1013,970,15
1014,971,15
1015,972,15
1016,973,14
1017,974,14
1018,975,14
1019,976,14
1020,977,14
1021,978,13
1022,979,13
1023,980,13
1024,981,13
1025,982,13
1026,983,13
1027,984,13
1028,985,13
1029,986,13
1030,987,13
1031,988,13
1032,989,13
1033,990,13
1034,991,13
1035,992,13
1036,993,13
1037,994,13
1038,995,14
1039,996,15
1040,997,15
1041,998,15
1042,999,15
1043,1000,15
1044,1001,15
1045,1002,15
1046,1003,15
1047,1004,15
1048,1005,15
1049,1006,14
1050,1007,14
1051,1008,14
1052,1009,14
1053,1010,14
1054,1011,15
1055,1012,15
1056,1013,15
1057,1014,15
1058,1015,15
1059,1016,15
1060,1017,15
1061,1018,14
1062,1019,14
1063,1020,15
1064,1021,14
1065,1022,13
1066,1023,14
1067,1024,13
1068,1025,13
1069,1026,13
1070,1027,13
1071,1028,13
1072,1029,13
1073,1030,14
1074,1031,14
1075,1032,15
1076,1033,14
1077,1034,14
1078,1035,14
1079,1036,14
1080,1037,14
1081,1038,14
1082,1039,14
1083,1040,14
1084,1041,13
1085,1042,13
1086,1043,14
1087,1044,14
1088,1045,14
1089,1046,14
1090,1047,14
1091,1048,15
1092,1049,15
1093,1050,15
1094,1051,14
1095,1052,14
1096,1053,14
1097,1054,14
1098,1055,14
1099,1056,13
1100,1057,14
1101,1058,13
1102,1059,14
1103,1060,13
1104,1061,13
1105,1062,13
1106,1063,14
1107,1064,14
1108,1065,15
1109,1066,15
1110,1067,15
1111,1068,13
1112,1069,15
1113,1070,15
1114,1071,15
1115,1072,15
1116,1073,15
1117,1074,15
1118,1075,13
1119,1076,15
1120,1077,15
1121,1078,15
1122,1079,15
1123,1080,15
1124,1081,15
1125,1082,15
1126,1083,15
1127,1084,15
1128,1085,15
1129,1086,15
1130,1087,14
1131,1088,14
1132,1089,14
1133,1090,15
1134,1091,15
1135,1092,15
1136,1093,15
1137,1094,15
1138,1095,15
1139,1096,15
1140,1097,15
1141,1098,15
1142,1099,15
1143,1100,15
1144,1101,15
1145,1102,13
1146,1103,13
1147,1104,13
1148,1105,13
1149,1106,13
1150,1107,15
1151,1108,15
1152,1109,15
1153,1110,13
1154,1111,13
1155,1112,13
1156,1113,13
1157,1114,13
1158,1115,13
1159,1116,13
1160,1117,13
1161,1118,13
1162,1119,13
1163,1120,13
1164,1121,13
1165,1122,13
1166,1123,15
1167,1124,15
1168,1125,15
1169,1126,15
1170,1127,15
1171,1128,15
1172,1129,15
1173,1130,15
1174,1131,15
1175,1132,15
1176,1133,15
1177,1134,14
1178,1135,14
1179,1136,14
1180,1137,13
1181,1138,14
1182,1139,14
1183,1140,14
1184,1141,14
1185,1142,14
1186,1143,14
1187,1144,14
1188,1145,14
1189,1146,14
1190,1147,14
1191,1148,14
1192,1149,14
1193,1150,14
1194,564,14
1195,1151,14
1196,1152,14
1197,1153,14
1198,1154,15
1199,1155,15
1200,1156,15
1201,1157,15
1202,1158,15
1203,1159,15
1204,1160,15
1205,1161,15
1206,1162,15
1207,1163,15
1208,1164,13
1209,1165,15
1210,1166,15
1211,1167,15
1212,1168,15
1213,1169,15
1214,1170,15
1215,1171,15
1216,1172,14
1217,1173,14
1218,1174,14
1219,1175,15
1220,1176,14
1221,1177,14
1222,1178,13
1223,1179,14
1224,1180,14
1225,1181,13
1226,1182,13
1227,1183,15
1228,1184,15
1229,1185,15
1230,1186,15
1231,1187,15
1232,1188,15
1233,1189,15
1234,1190,15
1235,1191,15
1236,1192,15
1237,1193,15
1238,1194,15
1239,1195,15
1240,1196,15
1241,1197,15
1242,1198,15
1243,1199,15
1244,1200,15
1245,1201,15
1246,1202,15
1247,1203,13
1248,1204,13
1249,1205,13
1250,1206,13
1251,1207,13
1252,1208,13
1253,1209,13
1254,1210,13
1255,1211,15
1256,1212,14
1257,1213,14
1258,1214,14
1259,1215,13
1260,1216,13
1261,1217,13
1262,1218,13
1263,1219,13
1264,1220,13
1265,1221,13
1266,1222,13
1267,1224,13
1268,1225,13
1269,1226,13
1270,1227,13
1271,1228,13
1272,1230,13
1273,1231,13
1274,1232,13
1275,1233,13
1276,1234,13
1277,1235,13
1278,1236,15
1279,1237,15
1280,1238,14
1281,1239,14
1282,1240,14
1283,1241,14
1284,1242,14
1285,1243,13
1286,1244,15
1287,1245,14
1288,1246,14
1289,1247,14
1290,1248,14
1291,1249,13
1292,1250,13
1293,1251,13
1294,1252,13
1295,1253,13
1296,1254,13
1297,1255,13
1298,1256,13
1299,1257,13
1300,1258,13
1301,1259,13
1302,1260,13
1303,1261,13
1304,1263,13
1305,1264,14
1306,1265,14
1307,1266,14
1308,1267,14
1309,1268,14
1310,1269,14
1311,1270,14
1312,1271,14
1313,1272,14
1314,1273,14
1315,1274,15
1316,1275,15
1317,1276,15
1318,1277,15
1319,1278,15
1320,1279,15
1321,1280,15
1322,1281,15
1323,1282,15
1324,1283,15
1325,1284,15
1326,1285,15
1327,1286,15
1328,1287,15
1329,1288,15
1330,1289,15
1331,1290,14
1332,1291,14
1333,1292,14
1334,1293,14
1335,1294,15
1336,1295,14
1337,1296,14
1338,1297,14
1339,1298,14
1340,1299,14
1341,1300,13
1342,1301,15
1343,1302,15
1344,1303,15
1345,1304,15
1346,1305,15
1347,1306,15
1348,1307,14
1349,1308,14
1350,1309,14
1351,1310,14
1352,1311,14
1353,1312,14
1354,1313,14
1355,1314,14
1356,1315,15
1357,1316,14
1358,1317,14
1359,1318,13
1360,1319,13
1361,1320,13
1362,1321,13
1363,1322,13
1364,1323,13
1365,1324,13
1366,1325,13
1367,1326,13
1368,1327,14
1369,1328,14
1370,1329,14
1371,1330,14
1372,1331,14
1373,1332,14
1374,1333,14
1375,1334,14
1376,1335,14
1377,1336,14
1378,1337,14
1379,1338,15
1380,1339,15
1381,1340,15
1382,1341,15
1383,1342,15
1384,1343,15
1385,1344,15
1386,1345,14
1387,1346,15
1388,1347,15
1389,795,15
1390,1348,13
1391,1349,14
1392,1350,14
1393,1351,14
1394,1352,14
1395,1353,14
1396,1354,15
1397,1355,14
1398,1356,14
1399,1357,13
1400,1358,13
1401,1359,13
1402,1360,13
1403,1361,15
1404,1362,15
1405,1363,15
1406,1364,15
1407,1365,15
1408,1366,13
1409,1367,14
1410,1368,13
1411,1369,13
1412,1370,13
1413,1371,14
1414,1372,14
1415,1373,15
1416,1374,14
1417,1375,14
1418,1376,14
1419,1377,15
1420,1378,14
1421,1379,14
1422,1380,14
1423,1381,14
1424,1382,14
1425,1383,14
1426,1384,14
1427,1385,14
1428,1386,14
1429,1387,14
1430,1388,14
1431,1389,14
1432,1390,14
1433,1391,14
1434,1392,14
1435,1393,14
1436,1394,14
1437,1395,14
1438,0,12
1439,1,12
1440,5,12
1441,6,12
1442,7,12
1443,8,12
1444,9,12
1445,10,12
1446,11,12
1447,13,12
1448,14,12
1449,15,12
1450,16,12
1451,17,12
1452,19,12
1453,20,12
1454,21,12
1455,22,12
1456,28,12
1457,29,12
1458,30,12
1459,31,12
1460,32,12
1461,33,12
1462,34,12
1463,35,12
1464,38,12
1465,39,12
1466,40,12
1467,41,12
1468,43,12
1469,44,11
1470,45,12
1471,46,12
1472,47,12
1473,48,12
1474,50,12
1475,51,12
1476,53,12
1477,54,12
1478,55,12
1479,56,11
1480,58,12
1481,60,12
1482,61,11
1483,65,11
1484,66,12
1485,67,12
1486,72,12
1487,73,12
1488,75,11
1489,36,11
1490,74,11
1491,76,12
1492,77,12
1493,78,12
1494,79,12
1495,80,12
1496,81,12
1497,82,12
1498,83,12
1499,85,12
1500,622,11
1501,1048,12
1502,1049,12
1503,543,12
1504,565,12
1505,568,12
1506,936,12
1507,172,11
1508,173,11
1509,339,11
1510,96,11
1511,948,10
1512,98,12
1513,99,11
1514,100,11
1515,101,12
1516,103,12
1517,104,12
1518,105,12
1519,107,12
1520,106,12
1521,109,11
1522,110,11
1523,111,11
1524,112,11
1525,115,12
1526,116,12
1527,117,12
1528,118,12
1529,119,12
1530,120,11
1531,121,12
1532,122,11
1533,124,11
1534,123,11
1535,1429,11
1536,125,11
1537,126,11
1538,127,12
1539,128,12
1540,130,12
1541,1430,12
1542,129,12
1543,131,12
1544,132,12
1545,133,12
1546,135,12
1547,136,12
1548,138,12
1549,139,12
1550,140,12
1551,141,12
1552,142,11
1553,144,12
1554,143,12
1555,145,12
1556,146,12
1557,147,12
1558,148,12
1559,149,12
1560,150,12
1561,151,12
1562,152,12
1563,153,12
1564,154,12
1565,155,12
1566,157,11
1567,24,11
1568,158,12
1569,159,12
1570,160,12
1571,162,12
1572,163,12
1573,164,12
1574,165,12
1575,166,12
1576,174,12
1577,175,12
1578,176,12
1579,177,12
1580,178,12
1581,179,12
1582,181,12
1583,182,12
1584,183,12
1585,184,12
1586,185,11
1587,186,11
1588,187,11
1589,190,11
1590,191,12
1591,192,12
1592,193,12
1593,196,12
1594,197,12
1595,198,12
1596,199,11
1597,200,11
1598,202,12
1599,203,11
1600,204,11
1601,205,11
1602,206,11
1603,207,12
1604,208,12
1605,209,12
1606,210,12
1607,213,12
1608,215,12
1609,216,12
1610,218,12
1611,219,12
1612,169,12
1613,223,12
1614,224,12
1615,225,12
1616,226,12
1617,227,12
1618,228,11
1619,229,12
1620,230,12
1621,231,12
1622,232,11
1623,233,11
1624,234,11
1625,235,11
1626,236,11
1627,237,11
1628,238,11
1629,1431,11
1630,240,12
1631,1316,12
1632,253,12
1633,257,12
1634,241,12
1635,243,12
1636,242,12
1637,256,12
1638,259,12
1639,246,12
1640,244,12
1641,245,12
1642,247,12
1643,248,12
1644,249,12
1645,250,12
1646,251,12
1647,252,12
1648,254,12
1649,255,12
1650,258,12
1651,260,12
1652,262,12
1653,264,12
1654,265,12
1655,266,12
1656,267,12
1657,268,12
1658,269,12
1659,270,12
1660,263,11
1661,275,11
1662,276,11
1663,277,11
1664,279,12
1665,280,12
1666,281,12
1667,282,12
1668,283,12
1669,286,12
1670,285,12
1671,288,12
1672,287,12
1673,289,12
1674,290,12
1675,291,12
1676,292,12
1677,293,12
1678,295,12
1679,296,12
1680,302,12
1681,321,12
1682,324,12
1683,325,12
1684,326,12
1685,327,12
1686,1432,12
1687,329,12
1688,331,12
1689,332,12
1690,334,12
1691,333,12
1692,335,11
1693,336,11
1694,337,11
1695,338,11
1696,340,11
1697,341,12
1698,342,12
1699,344,12
1700,345,12
1701,347,12
1702,350,12
1703,343,12
1704,346,12
1705,348,12
1706,349,12
1707,351,12
1708,352,12
1709,353,12
1710,354,12
1711,355,12
1712,364,12
1713,357,12
1714,358,12
1715,359,12
1716,360,12
1717,361,12
1718,63,12
1719,64,12
1720,362,12
1721,363,12
1722,365,12
1723,356,12
1724,62,12
1725,366,12
1726,372,11
1727,374,12
1728,376,12
1729,375,12
1730,377,12
1731,378,12
1732,380,12
1733,379,12
1734,381,12
1735,382,12
1736,383,12
1737,113,12
1738,384,12
1739,114,12
1740,385,12
1741,386,12
1742,387,12
1743,398,12
1744,388,12
1745,392,12
1746,399,12
1747,390,12
1748,391,12
1749,393,12
1750,394,12
1751,395,12
1752,397,12
1753,389,12
1754,396,12
1755,400,12
1756,402,11
1757,403,11
1758,405,11
1759,406,11
1760,401,11
1761,407,11
1762,404,11
1763,408,11
1764,409,11
1765,89,11
1766,410,11
1767,411,11
1768,412,11
1769,413,11
1770,414,12
1771,415,12
1772,416,11
1773,423,11
1774,427,11
1775,421,11
1776,433,11
1777,418,11
1778,438,11
1779,417,11
1780,424,11
1781,420,11
1782,422,11
1783,419,11
1784,425,11
1785,426,11
1786,428,11
1787,429,11
1788,430,11
1789,431,11
1790,432,11
1791,434,11
1792,435,11
1793,436,11
1794,437,11
1795,439,11
1796,441,11
1797,443,11
1798,440,11
1799,446,11
1800,442,11
1801,444,11
1802,458,11
1803,1317,11
1804,454,11
1805,445,11
1806,447,11
1807,448,11
1808,449,11
1809,450,11
1810,451,11
1811,452,11
1812,261,11
1813,453,11
1814,455,11
1815,456,11
1816,464,12
1817,461,12
1818,462,12
1819,463,12
1820,469,12
1821,470,12
1822,471,12
1823,477,11
1824,479,12
1825,480,11
1826,487,12
1827,488,11
1828,489,11
1829,25,11
1830,26,11
1831,490,12
1832,492,12
1833,367,12
1834,502,12
1835,501,12
1836,496,12
1837,497,12
1838,498,12
1839,499,12
1840,500,12
1841,368,12
1842,503,11
1843,504,12
1844,505,12
1845,506,12
1846,507,12
1847,508,12
1848,510,12
1849,511,12
1850,512,12
1851,513,12
1852,514,12
1853,515,11
1854,522,12
1855,517,12
1856,765,12
1857,1433,12
1858,516,12
1859,521,12
1860,518,12
1861,1434,12
1862,520,12
1863,519,12
1864,523,11
1865,524,11
1866,525,11
1867,526,12
1868,527,12
1869,528,12
1870,529,12
1871,532,12
1872,530,12
1873,538,12
1874,536,12
1875,57,12
1876,534,12
1877,535,12
1878,537,12
1879,539,12
1880,531,12
1881,540,12
1882,533,12
1883,541,12
1884,542,12
1885,545,12
1886,544,12
1887,546,12
1888,547,12
1889,548,12
1890,549,12
1891,550,11
1892,551,11
1893,563,11
1894,553,11
1895,557,11
1896,554,11
1897,552,11
1898,555,11
1899,556,11
1900,558,11
1901,559,11
1902,560,11
1903,561,11
1904,562,11
1905,566,12
1906,567,12
1907,217,12
1908,569,12
1909,572,12
1910,571,12
1911,1435,12
1912,574,12
1913,586,12
1914,1436,12
1915,588,12
1916,1437,12
1917,573,12
1918,1438,12
1919,579,12
1920,1439,12
1921,1440,12
1922,1441,12
1923,570,12
1924,1442,12
1925,580,12
1926,589,11
1927,591,12
1928,590,12
1929,592,12
1930,593,12
1931,468,12
1932,594,12
1933,595,12
1934,597,11
1935,598,11
1936,599,11
1937,309,11
1938,313,11
1939,310,11
1940,312,11
1941,600,11
1942,314,11
1943,317,11
1944,315,11
1945,601,11
1946,602,11
1947,318,11
1948,603,11
1949,319,11
1950,604,11
1951,605,11
1952,606,11
1953,320,11
1954,607,11
1955,608,11
1956,609,11
1957,615,11
1958,611,11
1959,614,11
1960,610,11
1961,613,11
1962,612,11
1963,616,12
1964,617,12
1965,618,12
1966,619,12
1967,620,11
1968,621,11
1969,623,12
1970,624,12
1971,625,12
1972,626,12
1973,627,12
1974,628,12
1975,629,12
1976,630,12
1977,631,12
1978,632,12
1979,633,12
1980,640,11
1981,655,12
1982,654,12
1983,653,12
1984,652,12
1985,658,12
1986,656,12
1987,657,12
1988,659,12
1989,660,12
1990,661,12
1991,662,12
1992,663,12
1993,664,12
1994,665,12
1995,666,12
1996,667,12
1997,668,11
1998,669,11
1999,671,11
2000,670,11
2001,672,11
2002,673,11
2003,674,12
2004,675,12
2005,676,12
2006,677,12
2007,678,12
2008,679,11
2009,680,11
2010,681,11
2011,682,11
2012,684,12
2013,1443,12
2014,690,12
2015,685,12
2016,686,12
2017,687,12
2018,688,12
2019,689,12
2020,692,12
2021,693,12
2022,694,12
2023,91,12
2024,700,12
2025,699,12
2026,701,12
2027,702,12
2028,705,12
2029,704,12
2030,706,12
2031,707,12
2032,703,12
2033,708,12
2034,709,12
2035,710,12
2036,711,12
2037,712,11
2038,713,11
2039,714,11
2040,715,11
2041,716,11
2042,717,12
2043,718,12
2044,719,11
2045,720,11
2046,721,11
2047,722,11
2048,723,12
2049,724,12
2050,729,11
2051,733,12
2052,732,12
2053,734,12
2054,735,12
2055,736,12
2056,737,12
2057,742,11
2058,743,11
2059,745,11
2060,746,11
2061,744,11
2062,760,11
2063,749,11
2064,747,11
2065,752,11
2066,756,11
2067,762,11
2068,1142,11
2069,754,11
2070,750,11
2071,748,11
2072,753,11
2073,755,11
2074,759,11
2075,751,11
2076,757,11
2077,758,11
2078,92,12
2079,641,12
2080,645,12
2081,651,12
2082,650,12
2083,644,12
2084,1444,12
2085,647,12
2086,648,12
2087,1445,12
2088,642,12
2089,643,12
2090,649,12
2091,766,12
2092,768,12
2093,769,12
2094,767,12
2095,770,12
2096,773,12
2097,774,12
2098,775,12
2099,777,12
2100,776,12
2101,778,11
2102,779,12
2103,780,12
2104,781,12
2105,782,12
2106,783,12
2107,784,12
2108,576,12
2109,785,12
2110,786,12
2111,787,11
2112,788,11
2113,473,11
2114,475,11
2115,474,11
2116,789,11
2117,792,12
2118,726,12
2119,1446,12
2120,800,12
2121,798,12
2122,795,12
2123,797,12
2124,725,12
2125,793,12
2126,802,12
2127,804,12
2128,803,12
2129,805,12
2130,806,12
2131,809,12
2132,807,12
2133,808,12
2134,810,12
2135,811,12
2136,812,12
2137,813,12
2138,814,12
2139,815,12
2140,137,12
2141,818,12
2142,817,12
2143,816,12
2144,819,11
2145,820,12
2146,821,12
2147,822,12
2148,824,12
2149,823,12
2150,825,12
2151,827,12
2152,828,12
2153,829,12
2154,830,12
2155,831,11
2156,832,11
2157,833,11
2158,834,12
2159,835,11
2160,839,11
2161,838,11
2162,836,11
2163,837,11
2164,840,11
2165,841,11
2166,842,11
2167,843,11
2168,844,11
2169,845,12
2170,850,12
2171,855,12
2172,307,12
2173,852,12
2174,860,12
2175,853,12
2176,306,12
2177,854,12
2178,851,12
2179,856,12
2180,857,12
2181,858,12
2182,859,12
2183,862,11
2184,865,11
2185,863,11
2186,861,11
2187,864,11
2188,866,12
2189,867,12
2190,868,12
2191,869,12
2192,870,12
2193,871,12
2194,872,12
2195,90,12
2196,873,12
2197,874,12
2198,875,12
2199,878,11
2200,876,11
2201,881,11
2202,877,11
2203,879,11
2204,880,11
2205,882,12
2206,883,12
2207,884,12
2208,885,12
2209,886,11
2210,887,12
2211,888,12
2212,889,12
2213,890,12
2214,893,12
2215,891,12
2216,896,12
2217,892,12
2218,894,12
2219,895,12
2220,897,12
2221,898,12
2222,900,11
2223,899,11
2224,901,11
2225,902,11
2226,905,12
2227,906,12
2228,914,12
2229,915,12
2230,916,12
2231,917,12
2232,918,12
2233,919,12
2234,920,12
2235,921,11
2236,922,11
2237,763,11
2238,924,12
2239,925,12
2240,930,12
2241,931,11
2242,932,11
2243,933,11
2244,935,11
2245,937,12
2246,940,12
2247,941,12
2248,942,12
2249,1447,12
2250,727,11
2251,943,11
2252,944,12
2253,945,12
2254,946,12
2255,947,11
2256,1448,12
2257,958,12
2258,964,12
2259,963,12
2260,959,12
2261,960,12
2262,961,12
2263,962,12
2264,639,12
2265,965,12
2266,966,12
2267,967,12
2268,968,12
2269,973,11
2270,974,11
2271,975,11
2272,976,11
2273,977,11
2274,979,12
2275,978,12
2276,980,12
2277,981,12
2278,584,12
2279,982,12
2280,983,12
2281,984,12
2282,985,12
2283,986,12
2284,987,12
2285,988,12
2286,989,12
2287,990,12
2288,991,12
2289,992,12
2290,993,12
2291,994,12
2292,995,11
2293,998,11
2294,997,11
2295,996,11
2296,1000,11
2297,999,11
2298,1001,11
2299,1002,11
2300,1003,11
2301,1004,11
2302,1007,11
2303,1006,11
2304,1008,11
2305,1009,12
2306,1010,12
2307,1013,12
2308,1015,12
2309,1016,12
2310,1014,12
2311,1017,12
2312,1018,11
2313,1019,11
2314,1020,12
2315,1021,12
2316,1022,12
2317,1023,12
2318,1024,12
2319,1025,12
2320,1026,12
2321,1029,12
2322,1027,12
2323,1028,12
2324,1030,11
2325,1031,11
2326,972,11
2327,472,11
2328,476,11
2329,1034,11
2330,1033,11
2331,1035,11
2332,1036,12
2333,1037,12
2334,1038,12
2335,1039,12
2336,1040,12
2337,1042,12
2338,1041,12
2339,1043,11
2340,1044,11
2341,1045,11
2342,1046,11
2343,1047,11
2344,1075,12
2345,1058,12
2346,1061,12
2347,93,12
2348,826,12
2349,1088,12
2350,1087,12
2351,1089,12
2352,1449,12
2353,847,12
2354,481,12
2355,1092,12
2356,483,12
2357,1094,12
2358,1096,12
2359,1093,12
2360,848,12
2361,1098,12
2362,482,12
2363,1097,12
2364,1099,12
2365,1100,12
2366,1071,12
2367,1072,12
2368,849,12
2369,1101,12
2370,1102,12
2371,1103,12
2372,1104,12
2373,1105,12
2374,1106,12
2375,1069,12
2376,1073,12
2377,1070,12
2378,1074,12
2379,1107,12
2380,1108,12
2381,1109,12
2382,1110,12
2383,1119,12
2384,1111,12
2385,1115,12
2386,1112,12
2387,1113,12
2388,1114,12
2389,1116,12
2390,1117,12
2391,1118,12
2392,1120,12
2393,1121,12
2394,1122,12
2395,1123,12
2396,1124,12
2397,1132,12
2398,1125,12
2399,1126,12
2400,1127,12
2401,1128,12
2402,1129,12
2403,1130,12
2404,1131,12
2405,1133,12
2406,1060,12
2407,1137,12
2408,1062,12
2409,1140,12
2410,1143,12
2411,1146,12
2412,1144,12
2413,1145,12
2414,1139,12
2415,1147,12
2416,1148,12
2417,1138,12
2418,1141,12
2419,1149,12
2420,1150,12
2421,1151,12
2422,564,12
2423,1152,12
2424,1153,11
2425,1154,11
2426,1163,11
2427,1156,11
2428,1159,11
2429,1158,11
2430,1155,11
2431,1157,11
2432,1450,11
2433,1451,11
2434,1164,12
2435,1165,12
2436,1166,12
2437,1167,12
2438,1168,12
2439,1169,12
2440,1170,12
2441,1171,12
2442,1173,12
2443,1172,12
2444,1174,12
2445,1175,12
2446,1176,12
2447,1177,12
2448,1178,12
2449,1180,11
2450,1179,11
2451,484,12
2452,1181,12
2453,23,12
2454,1182,12
2455,1203,12
2456,1209,12
2457,1204,12
2458,1251,12
2459,1452,12
2460,1205,12
2461,1206,12
2462,1207,12
2463,1453,12
2464,1211,12
2465,1212,11
2466,1213,11
2467,1214,11
2468,1216,12
2469,1220,12
2470,1215,12
2471,1454,12
2472,1217,12
2473,1222,12
2474,1235,12
2475,1455,12
2476,1228,12
2477,1456,12
2478,1457,12
2479,1458,12
2480,1459,12
2481,1460,12
2482,1461,12
2483,1218,12
2484,1462,12
2485,1224,12
2486,1225,12
2487,1226,12
2488,1227,12
2489,1236,12
2490,1237,11
2491,1238,11
2492,1241,11
2493,1239,11
2494,1240,11
2495,1242,11
2496,1243,12
2497,1245,12
2498,1247,12
2499,1246,12
2500,1248,12
2501,1249,12
2502,1250,12
2503,1252,12
2504,1254,12
2505,1255,12
2506,1253,12
2507,1256,12
2508,1257,12
2509,1258,12
2510,1259,12
2511,1260,12
2512,1261,12
2513,1052,11
2514,1053,11
2515,1054,11
2516,1055,11
2517,1263,12
2518,1265,11
2519,1264,11
2520,1269,11
2521,1270,11
2522,1271,11
2523,1272,11
2524,1266,11
2525,1267,11
2526,1268,11
2527,1273,11
2528,1276,12
2529,1281,12
2530,1275,12
2531,1274,12
2532,370,12
2533,1277,12
2534,1278,12
2535,1279,12
2536,1280,12
2537,1282,12
2538,1283,12
2539,1284,12
2540,1285,12
2541,1286,12
2542,1287,12
2543,1032,12
2544,1288,12
2545,1289,12
2546,1295,12
2547,1296,12
2548,1297,12
2549,1298,12
2550,1299,12
2551,1300,12
2552,1301,12
2553,1303,12
2554,1302,12
2555,1304,12
2556,1305,12
2557,1306,12
2558,1308,12
2559,1307,12
2560,1310,12
2561,1309,12
2562,1311,12
2563,1312,12
2564,1313,12
2565,1314,11
2566,1318,12
2567,1324,12
2568,1320,12
2569,1319,12
2570,1321,12
2571,1322,12
2572,1323,12
2573,1325,12
2574,1327,12
2575,1328,12
2576,1331,12
2577,1332,12
2578,1329,12
2579,1335,12
2580,1336,12
2581,1333,12
2582,1334,12
2583,1337,12
2584,1330,12
2585,1340,11
2586,1338,11
2587,1339,11
2588,1341,11
2589,1342,12
2590,1343,12
2591,1344,12
2592,1345,11
2593,1346,12
2594,1067,11
2595,799,11
2596,1347,11
2597,1066,11
2598,795,11
2599,1348,12
2600,1051,11
2601,1056,12
2602,1063,11
2603,1064,12
2604,1068,12
2605,87,12
2606,88,12
2607,94,12
2608,95,12
2609,1349,11
2610,1449,11
2611,1350,11
2612,1351,11
2613,1352,11
2614,1353,11
2615,1356,12
2616,1357,12
2617,1358,12
2618,1359,12
2619,1360,12
2620,1366,12
2621,1368,12
2622,1369,12
2623,1370,12
2624,1371,12
2625,1372,12
2626,1376,11
2627,1378,11
2628,1381,11
2629,1379,11
2630,1386,11
2631,1384,11
2632,1380,11
2633,1382,11
2634,1383,11
2635,1385,11
2636,1387,11
2637,1388,11
2638,1389,11
2639,1390,11
2640,1393,11
2641,1391,11
2642,1392,11
2643,1394,12
2644,1395,12
2645,1,6
2646,11,6
2647,13,6
2648,14,6
2649,15,6
2650,16,6
2651,22,6
2652,23,6
2653,26,6
2654,24,6
2655,25,6
2656,27,6
2657,37,6
2658,44,6
2659,52,6
2660,56,6
2661,61,6
2662,62,6
2663,63,6
2664,64,6
2665,65,6
2666,72,6
2667,75,6
2668,74,6
2669,36,6
2670,77,6
2671,78,6
2672,79,6
2673,81,6
2674,83,6
2675,85,6
2676,622,6
2677,394,6
2678,543,6
2679,172,6
2680,173,6
2681,339,6
2682,640,6
2683,1051,6
2684,1052,6
2685,1053,6
2686,1054,6
2687,1055,6
2688,130,6
2689,105,6
2690,462,6
2691,128,6
2692,129,6
2693,186,6
2694,187,6
2695,809,4
2696,1057,6
2697,404,6
2698,826,6
2699,1059,6
2700,509,6
2701,735,4
2702,682,6
2703,778,6
2704,1034,6
2705,1063,6
2706,1064,6
2707,681,6
2708,1066,6
2709,1067,6
2710,595,6
2711,447,6
2712,446,6
2713,325,6
2714,374,6
2715,142,6
2716,147,6
2717,148,6
2718,149,6
2719,150,6
2720,99,6
2721,100,6
2722,153,6
2723,156,6
2724,157,6
2725,158,6
2726,185,6
2727,190,6
2728,195,6
2729,198,6
2730,199,6
2731,200,6
2732,203,6
2733,204,6
2734,205,6
2735,206,6
2736,210,6
2737,209,6
2738,213,6
2739,215,6
2740,228,6
2741,231,6
2742,229,6
2743,230,6
2744,232,6
2745,233,6
2746,234,6
2747,235,6
2748,236,6
2749,632,5
2750,237,6
2751,238,6
2752,239,6
2753,1463,6
2754,240,6
2755,241,6
2756,253,6
2757,243,6
2758,250,6
2759,258,6
2760,247,6
2761,259,6
2762,1464,6
2763,246,6
2764,260,6
2765,244,6
2766,245,6
2767,248,6
2768,249,6
2769,251,6
2770,252,6
2771,254,6
2772,255,6
2773,256,6
2774,257,6
2775,242,6
2776,263,6
2777,271,6
2778,273,6
2779,272,6
2780,274,6
2781,275,6
2782,276,6
2783,277,6
2784,281,6
2785,286,6
2786,285,6
2787,290,6
2788,291,6
2789,292,6
2790,295,6
2791,302,6
2792,326,6
2793,329,6
2794,327,6
2795,332,6
2796,328,6
2797,330,6
2798,331,6
2799,338,6
2800,336,6
2801,47,6
2802,337,6
2803,335,6
2804,340,6
2805,342,6
2806,347,6
2807,343,6
2808,345,6
2809,346,6
2810,348,6
2811,349,6
2812,350,6
2813,351,6
2814,352,6
2815,353,6
2816,354,6
2817,355,6
2818,344,6
2819,372,6
2820,375,6
2821,402,6
2822,403,6
2823,405,6
2824,376,6
2825,406,6
2826,401,6
2827,407,6
2828,408,6
2829,409,6
2830,89,6
2831,410,6
2832,411,6
2833,412,6
2834,413,6
2835,1465,6
2836,377,6
2837,378,6
2838,416,6
2839,417,6
2840,423,6
2841,427,6
2842,438,6
2843,421,6
2844,418,6
2845,420,6
2846,283,6
2847,419,6
2848,429,6
2849,435,6
2850,433,6
2851,422,6
2852,424,6
2853,425,6
2854,426,6
2855,428,6
2856,430,6
2857,431,6
2858,432,6
2859,434,6
2860,436,6
2861,437,6
2862,439,6
2863,440,6
2864,441,6
2865,442,6
2866,444,6
2867,443,6
2868,451,6
2869,445,6
2870,448,6
2871,449,6
2872,450,6
2873,452,6
2874,261,6
2875,453,6
2876,454,6
2877,455,6
2878,456,6
2879,457,6
2880,464,6
2881,461,6
2882,115,6
2883,463,6
2884,116,6
2885,465,6
2886,466,6
2887,467,6
2888,468,6
2889,469,6
2890,470,6
2891,471,6
2892,50,6
2893,477,6
2894,478,6
2895,479,6
2896,480,6
2897,481,6
2898,483,6
2899,482,6
2900,484,6
2901,485,6
2902,488,6
2903,489,6
2904,494,6
2905,493,6
2906,495,6
2907,503,6
2908,504,6
2909,505,6
2910,515,6
2911,523,6
2912,524,6
2913,525,6
2914,548,6
2915,549,6
2916,550,6
2917,552,6
2918,562,6
2919,551,6
2920,557,6
2921,558,6
2922,553,6
2923,554,6
2924,555,6
2925,556,6
2926,559,6
2927,560,6
2928,561,6
2929,563,6
2930,589,6
2931,591,6
2932,590,6
2933,592,6
2934,593,6
2935,594,6
2936,597,6
2937,598,6
2938,599,6
2939,314,6
2940,312,6
2941,310,6
2942,309,6
2943,600,6
2944,313,6
2945,317,6
2946,315,6
2947,601,6
2948,602,6
2949,570,6
2950,318,6
2951,603,6
2952,319,6
2953,604,6
2954,605,6
2955,606,6
2956,320,6
2957,607,6
2958,608,6
2959,609,6
2960,610,6
2961,612,6
2962,613,6
2963,614,6
2964,611,6
2965,615,6
2966,616,6
2967,617,6
2968,618,6
2969,619,6
2970,620,6
2971,536,6
2972,621,6
2973,624,6
2974,623,6
2975,627,6
2976,629,6
2977,628,6
2978,630,6
2979,631,6
2980,1466,5
2981,1467,5
2982,641,6
2983,642,6
2984,644,6
2985,645,6
2986,647,6
2987,643,6
2988,648,6
2989,649,6
2990,650,6
2991,651,6
2992,1468,6
2993,652,6
2994,655,6
2995,653,6
2996,654,6
2997,656,6
2998,657,6
2999,658,6
3000,659,6
3001,660,6
3002,661,6
3003,662,6
3004,663,6
3005,664,6
3006,665,6
3007,668,6
3008,669,6
3009,670,6
3010,671,6
3011,672,6
3012,673,6
3013,674,6
3014,675,6
3015,679,6
3016,680,6
3017,124,6
3018,123,6
3019,126,6
3020,125,6
3021,712,6
3022,713,6
3023,714,6
3024,715,6
3025,716,6
3026,341,6
3027,66,6
3028,67,6
3029,109,6
3030,110,6
3031,112,6
3032,111,6
3033,720,6
3034,719,6
3035,721,6
3036,722,6
3037,117,6
3038,729,6
3039,742,6
3040,743,6
3041,745,6
3042,744,6
3043,756,6
3044,762,6
3045,746,6
3046,747,6
3047,749,6
3048,760,6
3049,750,6
3050,754,6
3051,752,6
3052,753,6
3053,757,6
3054,748,6
3055,1142,6
3056,755,6
3057,759,6
3058,751,6
3059,758,6
3060,766,6
3061,767,6
3062,768,6
3063,769,6
3064,770,6
3065,131,6
3066,787,6
3067,788,6
3068,473,6
3069,475,6
3070,474,6
3071,789,6
3072,362,6
3073,790,6
3074,791,6
3075,792,6
3076,800,6
3077,725,6
3078,794,6
3079,516,6
3080,797,6
3081,796,6
3082,1469,6
3083,802,6
3084,103,6
3085,806,6
3086,808,6
3087,807,6
3088,810,6
3089,811,6
3090,812,6
3091,813,6
3092,814,6
3093,815,6
3094,137,6
3095,819,6
3096,820,6
3097,821,6
3098,635,6
3099,118,6
3100,831,6
3101,832,6
3102,833,6
3103,835,6
3104,840,6
3105,836,6
3106,837,6
3107,838,6
3108,839,6
3109,841,6
3110,842,6
3111,843,6
3112,282,6
3113,844,6
3114,279,6
3115,850,6
3116,45,6
3117,46,6
3118,852,6
3119,307,6
3120,132,6
3121,853,6
3122,306,6
3123,854,6
3124,855,6
3125,851,6
3126,856,6
3127,857,6
3128,858,6
3129,859,6
3130,860,6
3131,861,6
3132,862,6
3133,863,6
3134,864,6
3135,865,6
3136,90,6
3137,878,6
3138,876,6
3139,877,6
3140,879,6
3141,880,6
3142,881,6
3143,883,6
3144,884,6
3145,830,6
3146,886,6
3147,887,6
3148,899,6
3149,900,6
3150,901,6
3151,902,6
3152,918,6
3153,919,6
3154,914,6
3155,915,6
3156,916,6
3157,917,6
3158,365,6
3159,920,6
3160,922,6
3161,921,6
3162,763,6
3163,923,6
3164,102,6
3165,925,6
3166,1470,4
3167,931,6
3168,932,6
3169,933,6
3170,935,6
3171,373,6
3172,727,6
3173,943,6
3174,520,6
3175,944,6
3176,945,6
3177,120,6
3178,947,6
3179,974,6
3180,973,6
3181,975,6
3182,976,6
3183,726,6
3184,977,6
3185,995,6
3186,996,6
3187,998,6
3188,997,6
3189,999,6
3190,1000,6
3191,1001,6
3192,1002,6
3193,1003,6
3194,1004,6
3195,1006,6
3196,1007,6
3197,1008,6
3198,1009,6
3199,1010,6
3200,785,6
3201,1018,6
3202,1019,6
3203,1020,6
3204,1021,6
3205,934,6
3206,1023,6
3207,517,6
3208,1030,6
3209,1031,6
3210,518,6
3211,972,6
3212,476,6
3213,472,6
3214,1033,6
3215,1035,6
3216,1036,6
3217,1037,6
3218,1038,6
3219,1039,6
3220,1040,6
3221,1043,6
3222,1045,6
3223,1046,6
3224,1044,6
3225,1047,6
3226,1088,6
3227,1087,6
3228,1089,6
3229,1134,6
3230,1135,6
3231,1143,6
3232,1147,6
3233,1138,6
3234,1146,6
3235,1140,6
3236,1141,6
3237,1144,6
3238,1145,6
3239,1139,6
3240,1148,6
3241,1151,6
3242,1149,6
3243,1150,6
3244,1152,6
3245,1153,6
3246,1154,6
3247,1471,6
3248,1155,6
3249,1156,6
3250,324,6
3251,1159,6
3252,847,6
3253,1157,6
3254,1163,6
3255,867,6
3256,1172,6
3257,1173,6
3258,1174,6
3259,1175,6
3260,1176,6
3261,1177,6
3262,107,6
3263,106,6
3264,817,6
3265,816,6
3266,818,6
3267,113,6
3268,114,6
3269,1180,6
3270,1179,6
3271,1183,6
3272,385,5
3273,1185,5
3274,1184,5
3275,1212,6
3276,1213,6
3277,1214,6
3278,963,6
3279,1236,6
3280,1237,6
3281,1238,6
3282,1241,6
3283,1240,6
3284,1239,6
3285,678,6
3286,1242,6
3287,1032,6
3288,369,6
3289,1244,6
3290,1245,6
3291,1247,6
3292,1246,6
3293,1248,6
3294,1264,6
3295,1265,6
3296,1266,6
3297,1267,6
3298,1268,6
3299,1269,6
3300,1270,6
3301,1271,6
3302,1272,6
3303,1273,6
3304,1290,6
3305,987,6
3306,1263,6
3307,1291,6
3308,991,6
3309,1292,6
3310,1207,6
3311,1293,6
3312,1295,6
3313,1296,6
3314,1299,6
3315,1297,6
3316,1298,6
3317,1301,6
3318,1302,6
3319,1303,6
3320,1304,6
3321,1305,6
3322,1472,4
3323,1473,4
3324,151,6
3325,1307,6
3326,1308,6
3327,1310,6
3328,1309,6
3329,1311,6
3330,1312,6
3331,182,6
3332,1313,6
3333,1314,6
3334,1316,6
3335,1317,6
3336,1327,6
3337,1328,6
3338,1331,6
3339,1329,6
3340,96,6
3341,1330,6
3342,1332,6
3343,1333,6
3344,1334,6
3345,1335,6
3346,1336,6
3347,1337,6
3348,1340,6
3349,1338,6
3350,1339,6
3351,1341,6
3352,1345,6
3353,1346,6
3354,1347,6
3355,799,6
3356,1349,6
3357,1350,6
3358,1351,6
3359,1352,6
3360,1353,6
3361,1355,6
3362,1356,6
3363,1367,6
3364,1371,6
3365,1372,6
3366,1374,6
3367,1376,6
3368,1378,6
3369,1379,6
3370,1380,6
3371,1381,6
3372,1382,6
3373,1383,6
3374,1384,6
3375,1385,6
3376,1386,6
3377,1387,6
3378,1388,6
3379,1389,6
3380,1390,6
3381,1391,6
3382,1392,6
3383,1393,6
3384,1394,6
3385,1395,6
3386,1227,6
3387,1228,6
3388,888,6
3389,889,6
3390,191,6
3391,890,6
3392,88,6
3393,104,6
3394,122,6
3395,133,6
3396,0,18
3397,1,18
3398,5,18
3399,6,18
3400,7,18
3401,8,18
3402,9,18
3403,10,18
3404,11,18
3405,13,18
3406,14,18
3407,15,18
3408,16,18
3409,17,18
3410,19,18
3411,20,18
3412,21,18
3413,22,18
3414,23,16
3415,26,16
3416,24,16
3417,25,16
3418,27,16
3419,28,18
3420,30,18
3421,29,18
3422,33,18
3423,34,18
3424,35,18
3425,38,18
3426,39,18
3427,40,18
3428,44,17
3429,45,18
3430,46,18
3431,47,18
3432,48,18
3433,50,18
3434,51,18
3435,1474,16
3436,1475,16
3437,53,18
3438,54,18
3439,55,18
3440,56,17
3441,58,18
3442,60,18
3443,61,17
3444,358,16
3445,65,17
3446,66,18
3447,67,18
3448,71,16
3449,69,16
3450,70,16
3451,72,18
3452,75,17
3453,74,17
3454,36,17
3455,76,18
3456,77,18
3457,78,18
3458,79,18
3459,80,18
3460,81,18
3461,82,18
3462,83,18
3463,85,18
3464,622,17
3465,95,18
3466,94,18
3467,96,17
3468,98,18
3469,291,16
3470,99,17
3471,100,17
3472,101,16
3473,1476,16
3474,1477,16
3475,102,16
3476,103,18
3477,104,18
3478,105,18
3479,107,18
3480,106,18
3481,109,17
3482,110,17
3483,112,17
3484,111,17
3485,113,16
3486,114,16
3487,115,18
3488,116,18
3489,117,18
3490,118,18
3491,119,18
3492,120,17
3493,121,18
3494,122,17
3495,124,17
3496,123,17
3497,125,17
3498,126,17
3499,127,18
3500,128,18
3501,129,18
3502,130,18
3503,131,18
3504,132,18
3505,133,18
3506,135,18
3507,136,18
3508,138,18
3509,139,18
3510,140,18
3511,141,18
3512,142,17
3513,145,18
3514,146,18
3515,143,18
3516,144,18
3517,147,18
3518,148,18
3519,1478,16
3520,1479,16
3521,1480,16
3522,1481,16
3523,1482,16
3524,1483,16
3525,149,18
3526,150,18
3527,151,18
3528,152,18
3529,153,18
3530,154,18
3531,155,18
3532,156,16
3533,157,17
3534,158,18
3535,159,18
3536,160,18
3537,162,18
3538,163,18
3539,164,18
3540,165,18
3541,166,18
3542,172,17
3543,173,17
3544,174,18
3545,176,18
3546,177,18
3547,178,18
3548,179,18
3549,181,18
3550,182,18
3551,183,18
3552,184,18
3553,185,17
3554,186,17
3555,187,17
3556,190,17
3557,191,18
3558,192,18
3559,193,18
3560,1484,16
3561,196,18
3562,197,18
3563,198,18
3564,199,17
3565,200,17
3566,202,18
3567,203,17
3568,204,17
3569,205,17
3570,206,17
3571,1485,16
3572,207,18
3573,208,18
3574,210,18
3575,209,18
3576,213,18
3577,1486,16
3578,1487,16
3579,1488,16
3580,1489,16
3581,1490,16
3582,637,16
3583,215,18
3584,1491,16
3585,216,18
3586,218,18
3587,219,18
3588,169,18
3589,223,18
3590,224,18
3591,225,18
3592,1492,16
3593,226,18
3594,227,18
3595,228,17
3596,231,18
3597,229,18
3598,230,18
3599,1493,16
3600,998,16
3601,232,17
3602,233,17
3603,234,17
3604,235,17
3605,236,17
3606,632,16
3607,237,17
3608,238,17
3609,239,17
3610,1463,17
3611,240,18
3612,241,18
3613,253,18
3614,243,18
3615,250,18
3616,258,18
3617,247,18
3618,259,18
3619,1464,18
3620,246,18
3621,260,18
3622,244,18
3623,245,18
3624,248,18
3625,249,18
3626,251,18
3627,252,18
3628,254,18
3629,255,18
3630,256,18
3631,257,18
3632,242,18
3633,262,18
3634,264,18
3635,265,18
3636,266,18
3637,267,18
3638,268,18
3639,269,18
3640,270,18
3641,263,17
3642,275,17
3643,276,17
3644,277,17
3645,279,18
3646,280,18
3647,281,18
3648,282,18
3649,283,18
3650,286,18
3651,285,18
3652,287,18
3653,288,18
3654,289,18
3655,290,18
3656,292,18
3657,293,18
3658,294,16
3659,295,18
3660,296,18
3661,302,18
3662,321,18
3663,322,16
3664,323,16
3665,324,18
3666,325,18
3667,330,18
3668,328,18
3669,329,18
3670,327,18
3671,331,18
3672,332,18
3673,326,18
3674,333,18
3675,334,18
3676,338,17
3677,335,17
3678,337,17
3679,336,17
3680,339,17
3681,340,17
3682,341,18
3683,342,18
3684,344,18
3685,347,18
3686,346,18
3687,345,18
3688,343,18
3689,348,18
3690,349,18
3691,350,18
3692,351,18
3693,352,18
3694,353,18
3695,354,18
3696,355,18
3697,364,18
3698,357,18
3699,64,18
3700,62,18
3701,359,18
3702,360,18
3703,361,18
3704,63,18
3705,362,18
3706,363,18
3707,365,18
3708,356,18
3709,366,18
3710,367,16
3711,368,16
3712,370,16
3713,369,16
3714,371,16
3715,372,17
3716,374,18
3717,376,18
3718,375,18
3719,377,18
3720,378,18
3721,380,16
3722,379,16
3723,381,16
3724,382,16
3725,383,16
3726,384,16
3727,385,16
3728,386,16
3729,387,18
3730,396,18
3731,398,18
3732,388,18
3733,392,18
3734,390,18
3735,391,18
3736,393,18
3737,394,18
3738,395,18
3739,397,18
3740,389,18
3741,399,18
3742,400,18
3743,841,16
3744,842,16
3745,403,17
3746,407,17
3747,412,17
3748,405,17
3749,406,17
3750,401,17
3751,404,17
3752,402,17
3753,408,17
3754,409,17
3755,89,17
3756,410,17
3757,411,17
3758,413,17
3759,414,18
3760,415,18
3761,416,17
3762,417,17
3763,418,17
3764,419,17
3765,423,17
3766,427,17
3767,425,17
3768,429,17
3769,432,17
3770,438,17
3771,420,17
3772,424,17
3773,422,17
3774,433,17
3775,421,17
3776,426,17
3777,428,17
3778,430,17
3779,431,17
3780,434,17
3781,435,17
3782,436,17
3783,437,17
3784,439,17
3785,440,17
3786,441,17
3787,443,17
3788,444,17
3789,442,17
3790,454,17
3791,451,17
3792,1317,17
3793,447,17
3794,446,17
3795,449,17
3796,450,17
3797,452,17
3798,261,17
3799,453,17
3800,455,17
3801,456,17
3802,445,17
3803,457,17
3804,458,17
3805,464,18
3806,461,18
3807,462,18
3808,463,18
3809,469,18
3810,470,18
3811,471,18
3812,476,16
3813,472,16
3814,473,16
3815,474,16
3816,475,16
3817,477,17
3818,1063,16
3819,479,18
3820,480,17
3821,487,18
3822,488,17
3823,489,17
3824,490,18
3825,492,18
3826,502,18
3827,499,18
3828,501,18
3829,497,18
3830,496,18
3831,498,18
3832,500,18
3833,503,17
3834,504,18
3835,505,18
3836,506,18
3837,507,18
3838,508,18
3839,511,18
3840,510,18
3841,512,18
3842,513,18
3843,514,18
3844,1494,16
3845,1495,16
3846,515,17
3847,516,18
3848,517,18
3849,765,18
3850,1433,18
3851,520,18
3852,518,18
3853,1496,18
3854,522,18
3855,1497,18
3856,523,17
3857,524,17
3858,525,17
3859,527,18
3860,526,18
3861,528,18
3862,529,18
3863,530,18
3864,532,18
3865,536,18
3866,57,18
3867,534,18
3868,535,18
3869,537,18
3870,538,18
3871,539,18
3872,531,18
3873,540,18
3874,533,18
3875,541,18
3876,542,18
3877,543,18
3878,544,18
3879,545,18
3880,547,18
3881,546,18
3882,548,18
3883,549,18
3884,550,17
3885,551,17
3886,559,17
3887,553,17
3888,562,17
3889,554,17
3890,552,17
3891,555,17
3892,556,17
3893,557,17
3894,558,17
3895,560,17
3896,561,17
3897,563,17
3898,564,17
3899,565,18
3900,566,18
3901,568,18
3902,567,18
3903,217,18
3904,569,18
3905,572,18
3906,576,18
3907,571,18
3908,698,18
3909,574,18
3910,1439,18
3911,575,18
3912,1498,18
3913,1499,18
3914,1185,18
3915,585,18
3916,1435,18
3917,1438,18
3918,581,18
3919,1500,18
3920,570,18
3921,579,18
3922,589,17
3923,831,16
3924,1501,16
3925,1309,16
3926,629,16
3927,1172,16
3928,1502,16
3929,1503,16
3930,1021,16
3931,1504,16
3932,1173,16
3933,850,16
3934,1505,16
3935,1506,16
3936,1507,16
3937,1047,16
3938,1508,16
3939,1034,16
3940,1509,16
3941,642,16
3942,592,18
3943,593,18
3944,591,18
3945,590,18
3946,468,18
3947,594,18
3948,595,18
3949,743,16
3950,744,16
3951,1510,16
3952,1511,16
3953,564,16
3954,847,16
3955,747,16
3956,1146,16
3957,1512,16
3958,756,16
3959,754,16
3960,762,16
3961,1094,16
3962,1143,16
3963,1513,16
3964,1514,16
3965,1142,16
3966,1275,16
3967,752,16
3968,1515,16
3969,597,17
3970,598,17
3971,599,17
3972,600,17
3973,314,17
3974,309,17
3975,310,17
3976,312,17
3977,313,17
3978,317,17
3979,315,17
3980,601,17
3981,602,17
3982,318,17
3983,603,17
3984,319,17
3985,604,17
3986,605,17
3987,606,17
3988,320,17
3989,607,17
3990,608,17
3991,609,17
3992,612,17
3993,614,17
3994,610,17
3995,613,17
3996,611,17
3997,615,17
3998,616,18
3999,617,18
4000,618,18
4001,619,18
4002,620,17
4003,621,16
4004,623,18
4005,624,18
4006,625,18
4007,626,18
4008,1516,16
4009,1517,16
4010,946,16
4011,1518,16
4012,1519,16
4013,1520,16
4014,832,16
4015,1521,16
4016,1522,16
4017,1523,16
4018,1524,16
4019,1525,16
4020,1526,16
4021,1527,16
4022,1528,16
4023,1529,16
4024,627,18
4025,628,18
4026,630,18
4027,631,18
4028,633,18
4029,640,17
4030,1467,16
4031,1466,16
4032,641,18
4033,1468,18
4034,645,18
4035,651,18
4036,1444,18
4037,647,18
4038,643,18
4039,648,18
4040,649,18
4041,653,18
4042,655,18
4043,652,18
4044,654,18
4045,656,18
4046,657,18
4047,658,18
4048,659,18
4049,660,18
4050,661,18
4051,662,18
4052,663,18
4053,664,18
4054,665,18
4055,666,18
4056,667,18
4057,668,17
4058,669,17
4059,671,17
4060,672,17
4061,673,17
4062,670,17
4063,674,18
4064,675,18
4065,677,18
4066,676,18
4067,678,18
4068,1530,16
4069,1531,16
4070,679,17
4071,680,17
4072,681,17
4073,682,17
4074,683,16
4075,1532,16
4076,839,16
4077,644,16
4078,1533,16
4079,1534,16
4080,1535,16
4081,684,18
4082,1536,18
4083,1443,18
4084,696,18
4085,692,18
4086,685,18
4087,686,18
4088,687,18
4089,688,18
4090,689,18
4091,690,18
4092,693,18
4093,91,18
4094,699,18
4095,700,18
4096,701,18
4097,702,18
4098,704,18
4099,705,18
4100,706,18
4101,707,18
4102,703,18
4103,708,18
4104,709,18
4105,710,18
4106,711,18
4107,712,17
4108,713,17
4109,714,17
4110,715,17
4111,716,17
4112,717,18
4113,718,18
4114,719,17
4115,720,17
4116,721,17
4117,722,17
4118,723,18
4119,724,18
4120,729,17
4121,733,18
4122,732,18
4123,734,18
4124,735,18
4125,972,16
4126,736,18
4127,737,18
4128,742,17
4129,745,17
4130,749,17
4131,760,17
4132,750,17
4133,746,17
4134,753,17
4135,748,17
4136,755,17
4137,751,17
4138,757,17
4139,758,17
4140,759,17
4141,92,18
4142,766,18
4143,768,18
4144,767,18
4145,769,18
4146,770,18
4147,773,18
4148,774,18
4149,775,18
4150,776,18
4151,777,18
4152,778,17
4153,785,18
4154,786,18
4155,787,17
4156,789,17
4157,788,17
4158,790,16
4159,791,16
4160,792,18
4161,800,18
4162,796,18
4163,1537,18
4164,795,18
4165,794,18
4166,797,18
4167,1316,18
4168,725,18
4169,802,18
4170,803,18
4171,804,18
4172,805,18
4173,806,18
4174,808,18
4175,809,18
4176,807,18
4177,810,18
4178,811,18
4179,812,18
4180,813,18
4181,814,18
4182,815,18
4183,137,18
4184,817,18
4185,816,18
4186,818,18
4187,819,17
4188,820,18
4189,821,18
4190,822,18
4191,824,18
4192,823,18
4193,1538,16
4194,825,18
4195,1110,16
4196,1111,16
4197,1115,16
4198,1119,16
4199,1118,16
4200,1112,16
4201,1113,16
4202,1114,16
4203,1116,16
4204,1117,16
4205,960,16
4206,920,16
4207,1120,16
4208,1121,16
4209,1122,16
4210,1539,16
4211,1540,16
4212,1541,16
4213,1542,16
4214,827,18
4215,828,18
4216,829,18
4217,830,18
4218,833,17
4219,834,18
4220,840,17
4221,835,17
4222,837,17
4223,838,17
4224,836,17
4225,843,17
4226,844,17
4227,845,18
4228,307,18
4229,851,18
4230,853,18
4231,852,18
4232,306,18
4233,854,18
4234,855,18
4235,856,18
4236,857,18
4237,858,18
4238,859,18
4239,860,18
4240,865,17
4241,862,17
4242,863,17
4243,861,17
4244,864,17
4245,866,18
4246,867,18
4247,868,18
4248,869,18
4249,870,18
4250,871,18
4251,872,18
4252,1543,16
4253,90,18
4254,873,18
4255,874,18
4256,875,18
4257,878,17
4258,881,17
4259,877,17
4260,876,17
4261,879,17
4262,880,17
4263,882,18
4264,883,18
4265,884,18
4266,885,18
4267,886,17
4268,887,18
4269,888,18
4270,889,18
4271,890,18
4272,891,18
4273,892,18
4274,893,18
4275,894,18
4276,895,18
4277,896,18
4278,897,18
4279,898,18
4280,900,17
4281,899,17
4282,901,17
4283,902,17
4284,905,18
4285,906,18
4286,918,18
4287,915,18
4288,914,18
4289,916,18
4290,917,18
4291,919,18
4292,922,17
4293,921,17
4294,763,17
4295,923,16
4296,924,18
4297,925,18
4298,930,18
4299,931,17
4300,932,17
4301,933,17
4302,935,17
4303,937,18
4304,936,18
4305,940,18
4306,941,18
4307,942,18
4308,373,18
4309,727,17
4310,943,17
4311,944,18
4312,945,18
4313,1544,16
4314,1545,16
4315,947,17
4316,1448,18
4317,958,18
4318,963,18
4319,959,18
4320,961,18
4321,962,18
4322,964,18
4323,639,18
4324,965,18
4325,969,16
4326,970,16
4327,971,16
4328,726,17
4329,974,17
4330,975,17
4331,973,17
4332,976,17
4333,977,17
4334,978,18
4335,979,18
4336,986,18
4337,988,18
4338,980,18
4339,981,18
4340,584,18
4341,982,18
4342,983,18
4343,984,18
4344,985,18
4345,987,18
4346,989,18
4347,990,18
4348,991,18
4349,992,18
4350,993,18
4351,994,18
4352,995,17
4353,996,17
4354,997,17
4355,999,17
4356,1000,17
4357,1001,17
4358,1002,17
4359,1003,17
4360,1004,17
4361,1005,16
4362,1007,17
4363,1006,17
4364,1008,17
4365,1009,18
4366,1010,18
4367,1011,16
4368,1012,16
4369,1013,18
4370,1014,18
4371,1016,18
4372,1017,18
4373,1015,18
4374,1546,16
4375,1018,16
4376,1019,16
4377,1020,18
4378,1349,16
4379,1547,16
4380,1548,16
4381,1549,16
4382,1550,16
4383,1551,16
4384,1351,16
4385,1552,16
4386,1553,16
4387,1554,16
4388,1449,16
4389,1350,16
4390,1087,16
4391,1088,16
4392,1555,16
4393,1556,16
4394,1557,16
4395,1558,16
4396,1022,18
4397,1023,18
4398,1024,18
4399,1025,18
4400,1026,18
4401,1029,18
4402,1027,18
4403,1028,18
4404,1031,17
4405,1030,17
4406,1032,16
4407,1033,17
4408,1035,17
4409,1036,18
4410,1037,18
4411,1038,18
4412,1039,18
4413,1040,18
4414,1042,18
4415,1041,18
4416,1043,17
4417,1044,17
4418,1045,17
4419,1046,17
4420,1061,18
4421,1058,18
4422,1075,18
4423,1559,16
4424,1560,16
4425,1561,16
4426,1562,16
4427,1563,16
4428,1085,16
4429,93,18
4430,826,18
4431,1089,18
4432,1449,18
4433,1092,18
4434,481,18
4435,483,18
4436,482,18
4437,848,18
4438,1095,18
4439,1564,18
4440,1098,18
4441,1096,18
4442,1097,18
4443,1099,18
4444,1100,18
4445,1071,18
4446,1072,18
4447,1093,18
4448,849,18
4449,1140,16
4450,1565,16
4451,1048,18
4452,1049,18
4453,1566,16
4454,1567,16
4455,1051,16
4456,1052,17
4457,1053,17
4458,1054,17
4459,1055,17
4460,1056,18
4461,1060,18
4462,1062,18
4463,1568,16
4464,1064,18
4465,1066,17
4466,1067,17
4467,1069,18
4468,1070,18
4469,1073,18
4470,1074,18
4471,87,18
4472,88,18
4473,1104,18
4474,1102,18
4475,1103,18
4476,1105,18
4477,1106,18
4478,1107,18
4479,1108,18
4480,1109,18
4481,1123,18
4482,1124,18
4483,1125,18
4484,1126,18
4485,1127,18
4486,1128,18
4487,1129,18
4488,1130,18
4489,1131,18
4490,1132,18
4491,1133,18
4492,1137,18
4493,1138,18
4494,1141,18
4495,1144,18
4496,1145,18
4497,1139,18
4498,1147,18
4499,1148,18
4500,1149,18
4501,1150,18
4502,564,18
4503,1151,18
4504,1152,18
4505,1153,17
4506,1154,17
4507,1471,17
4508,1156,17
4509,1159,17
4510,1155,17
4511,1157,17
4512,1569,17
4513,1158,17
4514,1163,17
4515,1164,18
4516,1165,18
4517,1166,18
4518,1167,18
4519,1168,18
4520,1169,18
4521,1170,18
4522,1171,18
4523,1174,18
4524,1175,18
4525,1176,18
4526,1177,18
4527,1178,18
4528,1180,17
4529,1179,17
4530,1182,18
4531,484,18
4532,1181,18
4533,1570,16
4534,1571,16
4535,1572,16
4536,1573,16
4537,636,16
4538,1203,18
4539,1204,18
4540,1574,18
4541,1453,18
4542,1209,18
4543,1205,18
4544,580,18
4545,1206,18
4546,1207,18
4547,1575,16
4548,1211,18
4549,1212,17
4550,1213,17
4551,1214,17
4552,1236,18
4553,1237,17
4554,1238,18
4555,1239,18
4556,1240,18
4557,1241,18
4558,1242,18
4559,1243,18
4560,1245,18
4561,1247,18
4562,1246,18
4563,1248,18
4564,1249,18
4565,1250,18
4566,1251,18
4567,1253,18
4568,1252,18
4569,1257,18
4570,1254,18
4571,1255,18
4572,1256,18
4573,1258,18
4574,1259,18
4575,1260,18
4576,1261,18
4577,1263,18
4578,1576,16
4579,1577,16
4580,1578,16
4581,1579,16
4582,1580,16
4583,1581,16
4584,1582,16
4585,1583,16
4586,1264,17
4587,1265,17
4588,1266,17
4589,1267,17
4590,1268,17
4591,1269,17
4592,1270,17
4593,1271,17
4594,1272,17
4595,1273,17
4596,1276,18
4597,1274,18
4598,1281,18
4599,1277,18
4600,1278,18
4601,1279,18
4602,519,18
4603,1280,18
4604,1282,18
4605,1283,18
4606,1284,18
4607,1285,18
4608,1286,18
4609,1287,18
4610,1288,18
4611,1289,18
4612,1295,18
4613,1296,18
4614,1297,18
4615,1298,18
4616,1299,18
4617,1300,18
4618,1584,18
4619,1301,18
4620,1303,18
4621,1302,18
4622,1304,18
4623,1305,18
4624,1585,16
4625,1306,18
4626,1307,18
4627,1310,18
4628,1308,18
4629,1311,18
4630,1312,18
4631,650,18
4632,1313,18
4633,1586,16
4634,1587,16
4635,1314,17
4636,1315,16
4637,1588,16
4638,1589,16
4639,1590,16
4640,1318,18
4641,1319,18
4642,1324,18
4643,1323,18
4644,1320,18
4645,1321,18
4646,1322,18
4647,1325,18
4648,1326,18
4649,1327,18
4650,1328,18
4651,1329,18
4652,1331,18
4653,1330,18
4654,1332,18
4655,1333,18
4656,1334,18
4657,1335,18
4658,1336,18
4659,1337,18
4660,1340,17
4661,1339,17
4662,1338,17
4663,1341,17
4664,1343,18
4665,1342,18
4666,1344,18
4667,1345,17
4668,1346,18
4669,1347,17
4670,799,17
4671,795,17
4672,1348,18
4673,1352,17
4674,1353,17
4675,1591,16
4676,1592,16
4677,1356,18
4678,1357,18
4679,1358,18
4680,1359,18
4681,1360,18
4682,1361,18
4683,1363,18
4684,1362,18
4685,1364,18
4686,1365,18
4687,1366,18
4688,1368,18
4689,1369,18
4690,1370,18
4691,1371,18
4692,1372,18
4693,1374,16
4694,1376,17
4695,1378,17
4696,1381,17
4697,1384,17
4698,1385,17
4699,1390,17
4700,1379,17
4701,1382,17
4702,1383,17
4703,1386,17
4704,1387,17
4705,1388,17
4706,1389,17
4707,1380,17
4708,1391,17
4709,1392,17
4710,1393,17
4711,1394,18
4712,1395,18
4713,1227,18
4714,1228,18
4715,0,9
4716,1,9
4717,5,9
4718,6,9
4719,7,9
4720,8,9
4721,9,9
4722,10,9
4723,11,9
4724,13,9
4725,14,9
4726,15,9
4727,16,9
4728,17,9
4729,19,9
4730,20,9
4731,21,9
4732,22,9
4733,23,7
4734,24,7
4735,25,7
4736,26,7
4737,27,7
4738,28,9
4739,30,9
4740,29,9
4741,31,9
4742,32,9
4743,33,9
4744,34,9
4745,35,9
4746,38,9
4747,39,9
4748,40,9
4749,41,9
4750,42,9
4751,43,9
4752,44,8
4753,45,9
4754,47,9
4755,46,9
4756,48,9
4757,50,9
4758,51,9
4759,1474,7
4760,1475,7
4761,53,9
4762,54,9
4763,55,9
4764,56,8
4765,58,9
4766,60,9
4767,61,8
4768,358,7
4769,65,8
4770,66,9
4771,67,9
4772,69,7
4773,70,7
4774,71,7
4775,72,9
4776,36,8
4777,74,8
4778,75,8
4779,76,9
4780,77,9
4781,78,9
4782,79,9
4783,80,9
4784,81,9
4785,82,9
4786,83,9
4787,85,9
4788,622,8
4789,95,9
4790,94,9
4791,96,8
4792,948,7
4793,98,9
4794,291,7
4795,99,8
4796,100,8
4797,101,9
4798,1476,7
4799,1477,7
4800,102,7
4801,103,9
4802,104,9
4803,105,9
4804,107,9
4805,106,9
4806,109,8
4807,110,8
4808,112,8
4809,111,8
4810,113,7
4811,114,7
4812,115,9
4813,116,9
4814,117,9
4815,118,9
4816,119,9
4817,120,8
4818,121,9
4819,122,8
4820,123,8
4821,124,8
4822,125,8
4823,126,8
4824,127,9
4825,128,9
4826,129,9
4827,130,9
4828,131,9
4829,132,9
4830,133,9
4831,135,9
4832,136,9
4833,138,9
4834,139,9
4835,140,9
4836,141,9
4837,142,8
4838,146,9
4839,145,9
4840,143,9
4841,144,9
4842,147,9
4843,148,9
4844,1478,7
4845,1480,7
4846,1479,7
4847,1481,7
4848,1482,7
4849,1483,7
4850,149,9
4851,150,9
4852,151,9
4853,152,9
4854,153,9
4855,154,9
4856,155,9
4857,156,7
4858,157,8
4859,158,9
4860,159,9
4861,160,9
4862,162,9
4863,163,9
4864,164,9
4865,165,9
4866,166,9
4867,172,8
4868,173,8
4869,174,9
4870,175,9
4871,176,9
4872,177,9
4873,178,9
4874,179,9
4875,181,9
4876,182,9
4877,183,9
4878,184,9
4879,185,8
4880,186,8
4881,187,8
4882,190,8
4883,191,9
4884,192,9
4885,193,9
4886,1484,7
4887,196,9
4888,197,9
4889,198,9
4890,199,8
4891,200,8
4892,202,9
4893,203,8
4894,204,8
4895,205,8
4896,206,8
4897,1485,7
4898,207,9
4899,208,9
4900,209,9
4901,210,9
4902,213,9
4903,1486,7
4904,1487,7
4905,1488,7
4906,1489,7
4907,1490,7
4908,637,7
4909,215,9
4910,1491,7
4911,216,9
4912,218,9
4913,219,9
4914,169,9
4915,223,9
4916,224,9
4917,225,9
4918,1492,7
4919,226,9
4920,227,9
4921,228,8
4922,229,9
4923,230,9
4924,231,9
4925,1493,7
4926,998,7
4927,232,8
4928,233,8
4929,234,8
4930,235,8
4931,236,8
4932,632,7
4933,237,8
4934,238,8
4935,1415,8
4936,1463,8
4937,1316,9
4938,240,9
4939,256,9
4940,243,9
4941,241,9
4942,252,9
4943,1257,9
4944,249,9
4945,259,9
4946,246,9
4947,1593,9
4948,253,9
4949,244,9
4950,245,9
4951,247,9
4952,248,9
4953,250,9
4954,251,9
4955,254,9
4956,255,9
4957,257,9
4958,258,9
4959,262,9
4960,264,9
4961,265,9
4962,266,9
4963,267,9
4964,268,9
4965,269,9
4966,270,9
4967,263,8
4968,275,8
4969,276,8
4970,277,8
4971,279,9
4972,280,9
4973,281,9
4974,282,9
4975,283,9
4976,286,9
4977,285,9
4978,287,9
4979,288,9
4980,289,9
4981,290,9
4982,292,9
4983,293,9
4984,294,7
4985,295,9
4986,296,9
4987,302,9
4988,321,9
4989,322,7
4990,323,7
4991,324,9
4992,325,9
4993,330,9
4994,328,9
4995,329,9
4996,327,9
4997,331,9
4998,332,9
4999,326,9
5000,333,9
5001,334,9
5002,338,8
5003,335,8
5004,337,8
5005,336,8
5006,339,8
5007,340,8
5008,341,9
5009,342,9
5010,344,9
5011,347,9
5012,346,9
5013,345,9
5014,343,9
5015,348,9
5016,349,9
5017,350,9
5018,351,9
5019,352,9
5020,353,9
5021,354,9
5022,355,9
5023,364,9
5024,357,9
5025,64,9
5026,359,9
5027,360,9
5028,361,9
5029,63,9
5030,362,9
5031,363,9
5032,365,9
5033,356,9
5034,366,9
5035,62,9
5036,367,7
5037,368,7
5038,370,7
5039,369,7
5040,371,7
5041,372,8
5042,374,9
5043,376,9
5044,375,9
5045,377,9
5046,378,9
5047,380,9
5048,379,9
5049,381,9
5050,382,9
5051,383,9
5052,384,9
5053,385,9
5054,386,9
5055,387,9
5056,396,9
5057,398,9
5058,388,9
5059,392,9
5060,390,9
5061,391,9
5062,393,9
5063,394,9
5064,395,9
5065,397,9
5066,389,9
5067,399,9
5068,400,9
5069,841,7
5070,842,7
5071,403,8
5072,407,8
5073,412,8
5074,405,8
5075,406,8
5076,401,8
5077,404,8
5078,402,8
5079,408,8
5080,409,8
5081,89,8
5082,410,8
5083,411,8
5084,413,8
5085,414,9
5086,415,9
5087,416,8
5088,417,8
5089,418,8
5090,419,8
5091,423,8
5092,427,8
5093,425,8
5094,429,8
5095,432,8
5096,438,8
5097,420,8
5098,424,8
5099,422,8
5100,433,8
5101,421,8
5102,426,8
5103,428,8
5104,430,8
5105,431,8
5106,434,8
5107,435,8
5108,436,8
5109,437,8
5110,439,8
5111,440,8
5112,441,8
5113,443,8
5114,444,8
5115,442,8
5116,454,8
5117,451,8
5118,1317,8
5119,447,8
5120,446,8
5121,449,8
5122,450,8
5123,452,8
5124,261,8
5125,453,8
5126,455,8
5127,456,8
5128,445,8
5129,457,8
5130,458,8
5131,464,9
5132,461,9
5133,462,9
5134,463,9
5135,469,9
5136,470,9
5137,471,9
5138,476,7
5139,472,7
5140,473,7
5141,474,7
5142,475,7
5143,477,8
5144,1063,7
5145,479,9
5146,480,8
5147,487,9
5148,488,8
5149,489,8
5150,490,9
5151,492,9
5152,502,9
5153,499,9
5154,501,9
5155,497,9
5156,496,9
5157,498,9
5158,500,9
5159,503,8
5160,504,9
5161,505,9
5162,506,9
5163,507,9
5164,508,9
5165,511,9
5166,510,9
5167,512,9
5168,513,9
5169,514,9
5170,1494,7
5171,1495,7
5172,515,8
5173,516,9
5174,517,9
5175,765,9
5176,1433,9
5177,520,9
5178,518,9
5179,1496,9
5180,522,9
5181,1497,9
5182,523,8
5183,524,8
5184,525,8
5185,527,9
5186,526,9
5187,528,9
5188,529,9
5189,530,9
5190,532,9
5191,536,9
5192,57,9
5193,534,9
5194,535,9
5195,537,9
5196,538,9
5197,539,9
5198,531,9
5199,540,9
5200,533,9
5201,541,9
5202,542,9
5203,543,9
5204,544,9
5205,545,9
5206,547,9
5207,546,9
5208,548,9
5209,549,9
5210,550,8
5211,551,8
5212,559,8
5213,553,8
5214,562,8
5215,554,8
5216,552,8
5217,555,8
5218,556,8
5219,557,8
5220,558,8
5221,560,8
5222,561,8
5223,563,8
5224,564,8
5225,565,9
5226,566,9
5227,568,9
5228,567,9
5229,217,9
5230,569,9
5231,572,9
5232,576,9
5233,571,9
5234,698,9
5235,574,9
5236,1439,9
5237,575,9
5238,1498,9
5239,1499,9
5240,1185,9
5241,585,9
5242,1435,9
5243,1438,9
5244,581,9
5245,1500,9
5246,570,9
5247,579,9
5248,589,8
5249,831,7
5250,1501,7
5251,1309,7
5252,629,7
5253,1172,7
5254,1502,7
5255,1503,7
5256,1021,7
5257,1504,7
5258,1173,7
5259,850,7
5260,1505,7
5261,1506,7
5262,1507,7
5263,1047,7
5264,1508,7
5265,1034,7
5266,1509,7
5267,642,7
5268,592,9
5269,593,9
5270,591,9
5271,590,9
5272,468,9
5273,594,9
5274,595,9
5275,743,7
5276,744,7
5277,1510,7
5278,1511,7
5279,564,7
5280,847,7
5281,747,7
5282,1146,7
5283,1512,7
5284,756,7
5285,754,7
5286,762,7
5287,1094,7
5288,1143,7
5289,1513,7
5290,1514,7
5291,1142,7
5292,1275,7
5293,752,7
5294,1515,7
5295,597,8
5296,598,8
5297,599,8
5298,600,8
5299,314,8
5300,309,8
5301,310,8
5302,312,8
5303,313,8
5304,317,8
5305,315,8
5306,601,8
5307,602,8
5308,318,8
5309,603,8
5310,319,8
5311,604,8
5312,605,8
5313,606,8
5314,320,8
5315,607,8
5316,608,8
5317,609,8
5318,612,8
5319,614,8
5320,610,8
5321,613,8
5322,611,8
5323,615,8
5324,616,9
5325,617,9
5326,618,9
5327,619,9
5328,620,8
5329,621,7
5330,623,9
5331,624,9
5332,625,9
5333,626,9
5334,1516,7
5335,1517,7
5336,946,7
5337,1518,7
5338,1519,7
5339,1520,7
5340,832,7
5341,1521,7
5342,1522,7
5343,1523,7
5344,1524,7
5345,1525,7
5346,1526,7
5347,1527,7
5348,1528,7
5349,1529,7
5350,627,9
5351,628,9
5352,630,9
5353,631,9
5354,633,9
5355,640,8
5356,1467,7
5357,1466,7
5358,641,8
5359,1468,8
5360,645,8
5361,651,8
5362,1444,8
5363,647,8
5364,643,8
5365,648,8
5366,649,8
5367,653,9
5368,655,9
5369,652,9
5370,654,9
5371,656,9
5372,657,9
5373,658,9
5374,659,9
5375,660,9
5376,661,9
5377,662,9
5378,663,9
5379,664,9
5380,665,9
5381,666,9
5382,667,9
5383,668,8
5384,669,8
5385,671,8
5386,672,8
5387,673,8
5388,670,8
5389,674,9
5390,675,9
5391,677,9
5392,676,9
5393,678,9
5394,1530,7
5395,1531,7
5396,679,8
5397,680,8
5398,681,8
5399,682,8
5400,683,7
5401,1532,7
5402,839,7
5403,644,7
5404,1533,7
5405,1534,7
5406,1535,7
5407,684,9
5408,1536,9
5409,1443,9
5410,696,9
5411,692,9
5412,685,9
5413,686,9
5414,687,9
5415,688,9
5416,689,9
5417,690,9
5418,693,9
5419,91,9
5420,699,9
5421,700,9
5422,701,9
5423,702,9
5424,704,9
5425,705,9
5426,706,9
5427,707,9
5428,703,9
5429,708,9
5430,709,9
5431,710,9
5432,711,9
5433,712,8
5434,713,8
5435,714,8
5436,715,8
5437,716,8
5438,717,9
5439,718,9
5440,719,8
5441,720,8
5442,721,8
5443,722,8
5444,724,9
5445,723,9
5446,729,8
5447,732,9
5448,735,9
5449,733,9
5450,734,9
5451,972,7
5452,736,9
5453,737,9
5454,742,8
5455,745,8
5456,749,8
5457,746,8
5458,750,8
5459,760,8
5460,751,8
5461,748,8
5462,755,8
5463,753,8
5464,757,8
5465,758,8
5466,759,8
5467,761,8
5468,92,9
5469,766,9
5470,769,9
5471,768,9
5472,767,9
5473,770,9
5474,773,9
5475,774,9
5476,775,9
5477,776,9
5478,777,9
5479,778,8
5480,784,9
5481,779,9
5482,780,9
5483,781,9
5484,782,9
5485,783,9
5486,785,9
5487,786,9
5488,787,8
5489,788,8
5490,789,8
5491,790,7
5492,791,7
5493,792,9
5494,797,9
5495,800,9
5496,798,9
5497,1446,9
5498,725,9
5499,795,9
5500,794,9
5501,796,9
5502,1594,9
5503,802,9
5504,803,9
5505,805,9
5506,804,9
5507,806,9
5508,809,9
5509,808,9
5510,807,9
5511,810,9
5512,811,9
5513,812,9
5514,813,9
5515,814,9
5516,815,9
5517,137,9
5518,816,9
5519,817,9
5520,818,9
5521,819,8
5522,820,9
5523,821,9
5524,822,9
5525,824,9
5526,823,9
5527,1538,7
5528,825,9
5529,1110,7
5530,1111,7
5531,1115,7
5532,1118,7
5533,1119,7
5534,920,7
5535,1114,7
5536,1112,7
5537,1113,7
5538,1116,7
5539,1117,7
5540,960,7
5541,1120,7
5542,1121,7
5543,1122,7
5544,1539,7
5545,1541,7
5546,1540,7
5547,1542,7
5548,827,9
5549,828,9
5550,829,9
5551,830,9
5552,833,8
5553,834,9
5554,835,8
5555,840,8
5556,836,8
5557,837,8
5558,838,8
5559,843,8
5560,844,8
5561,845,9
5562,307,9
5563,852,9
5564,853,9
5565,306,9
5566,854,9
5567,855,9
5568,851,9
5569,856,9
5570,857,9
5571,858,9
5572,859,9
5573,860,9
5574,862,8
5575,865,8
5576,863,8
5577,861,8
5578,864,8
5579,866,9
5580,868,9
5581,867,9
5582,869,9
5583,870,9
5584,871,9
5585,872,9
5586,1543,9
5587,90,9
5588,873,9
5589,874,9
5590,875,9
5591,876,8
5592,881,8
5593,878,8
5594,877,8
5595,879,8
5596,880,8
5597,882,9
5598,883,9
5599,884,9
5600,885,9
5601,886,8
5602,887,9
5603,888,9
5604,889,9
5605,890,9
5606,893,9
5607,891,9
5608,892,9
5609,894,9
5610,895,9
5611,896,9
5612,897,9
5613,898,9
5614,900,8
5615,899,8
5616,901,8
5617,902,8
5618,905,9
5619,906,9
5620,918,9
5621,919,9
5622,914,9
5623,915,9
5624,916,9
5625,917,9
5626,922,8
5627,921,8
5628,763,8
5629,923,7
5630,924,9
5631,925,9
5632,930,9
5633,931,8
5634,932,8
5635,933,8
5636,935,8
5637,936,9
5638,937,9
5639,940,9
5640,941,9
5641,942,9
5642,373,9
5643,727,8
5644,943,8
5645,944,9
5646,945,9
5647,1544,7
5648,1545,7
5649,947,8
5650,1448,9
5651,958,9
5652,962,9
5653,959,9
5654,961,9
5655,963,9
5656,964,9
5657,639,9
5658,965,9
5659,966,9
5660,967,9
5661,968,9
5662,969,7
5663,970,7
5664,971,7
5665,975,8
5666,974,8
5667,973,8
5668,976,8
5669,726,8
5670,977,8
5671,978,9
5672,979,9
5673,991,9
5674,980,9
5675,981,9
5676,584,9
5677,982,9
5678,983,9
5679,984,9
5680,985,9
5681,986,9
5682,987,9
5683,988,9
5684,989,9
5685,990,9
5686,992,9
5687,993,9
5688,994,9
5689,995,8
5690,996,8
5691,997,8
5692,999,8
5693,1000,8
5694,1001,8
5695,1002,8
5696,1003,8
5697,1004,8
5698,1005,7
5699,1007,8
5700,1006,8
5701,1008,8
5702,1009,9
5703,1010,9
5704,1011,7
5705,1012,7
5706,1013,9
5707,1014,9
5708,1016,9
5709,1015,9
5710,1017,9
5711,1546,7
5712,1018,7
5713,1019,7
5714,1020,9
5715,1547,7
5716,1088,7
5717,1553,7
5718,1550,7
5719,1551,7
5720,1351,7
5721,1552,7
5722,1349,7
5723,1554,7
5724,1548,7
5725,1549,7
5726,1449,7
5727,1350,7
5728,1087,7
5729,1555,7
5730,1556,7
5731,1557,7
5732,1558,7
5733,1022,9
5734,1023,9
5735,1024,9
5736,1025,9
5737,1026,9
5738,1029,9
5739,1027,9
5740,1028,9
5741,1030,8
5742,1031,8
5743,1032,7
5744,1033,8
5745,1035,8
5746,1036,9
5747,1037,9
5748,1038,9
5749,1039,9
5750,1040,9
5751,1041,9
5752,1042,9
5753,1043,8
5754,1045,8
5755,1046,8
5756,1044,8
5757,1075,9
5758,1061,9
5759,1058,9
5760,1559,7
5761,1560,7
5762,1561,7
5763,1562,7
5764,1563,7
5765,1085,7
5766,93,9
5767,826,9
5768,1089,9
5769,1449,9
5770,481,9
5771,1092,9
5772,483,9
5773,1564,9
5774,1096,9
5775,848,9
5776,1093,9
5777,482,9
5778,1097,9
5779,1098,9
5780,1099,9
5781,1100,9
5782,1071,9
5783,1072,9
5784,849,9
5785,1101,9
5786,1565,7
5787,1140,7
5788,1048,9
5789,1049,9
5790,1566,7
5791,1567,7
5792,1051,7
5793,1052,8
5794,1054,8
5795,1053,8
5796,1055,8
5797,1056,9
5798,1060,9
5799,1062,9
5800,1568,7
5801,1064,9
5802,1066,8
5803,1067,8
5804,1068,9
5805,1069,9
5806,1070,9
5807,1073,9
5808,1074,9
5809,87,9
5810,88,9
5811,1104,9
5812,1102,9
5813,1103,9
5814,1105,9
5815,1106,9
5816,1107,9
5817,1108,9
5818,1109,9
5819,1123,9
5820,1125,9
5821,1126,9
5822,1127,9
5823,1124,9
5824,1128,9
5825,1129,9
5826,1130,9
5827,1131,9
5828,1132,9
5829,1133,9
5830,1137,9
5831,1148,9
5832,1144,9
5833,1141,9
5834,1145,9
5835,1139,9
5836,1147,9
5837,1138,9
5838,1149,9
5839,1150,9
5840,564,9
5841,1151,9
5842,1152,9
5843,1153,8
5844,1154,8
5845,1156,8
5846,1159,8
5847,1155,8
5848,1158,8
5849,1595,8
5850,1596,8
5851,1471,8
5852,1164,9
5853,1165,9
5854,1166,9
5855,1167,9
5856,1168,9
5857,1169,9
5858,1170,9
5859,1171,9
5860,1174,9
5861,1175,9
5862,1176,9
5863,1177,9
5864,1178,9
5865,1180,8
5866,1179,8
5867,1182,9
5868,484,9
5869,1181,9
5870,1572,7
5871,1573,7
5872,1571,7
5873,636,7
5874,1570,7
5875,1203,9
5876,1204,9
5877,1209,9
5878,1452,9
5879,1442,9
5880,1597,9
5881,1205,9
5882,580,9
5883,1206,9
5884,1207,9
5885,1453,9
5886,1208,9
5887,1575,7
5888,1211,9
5889,1212,8
5890,1213,8
5891,1214,8
5892,1216,9
5893,1215,9
5894,1598,9
5895,1455,9
5896,1460,9
5897,1218,9
5898,1457,9
5899,1462,9
5900,1222,9
5901,1231,9
5902,1224,9
5903,1225,9
5904,1226,9
5905,1220,9
5906,1227,9
5907,1228,9
5908,1230,9
5909,1232,9
5910,1236,9
5911,1237,8
5912,1238,8
5913,1241,8
5914,1239,8
5915,1240,8
5916,1242,8
5917,1243,9
5918,1245,9
5919,1247,9
5920,1246,9
5921,1248,9
5922,1249,9
5923,1250,9
5924,1251,9
5925,1252,9
5926,1254,9
5927,1255,9
5928,1253,9
5929,1256,9
5930,1258,9
5931,1259,9
5932,1260,9
5933,1261,9
5934,1263,9
5935,1576,7
5936,1577,7
5937,1578,7
5938,1579,7
5939,1580,7
5940,1581,7
5941,1582,7
5942,1583,7
5943,1264,8
5944,1265,8
5945,1266,8
5946,1267,8
5947,1268,8
5948,1269,8
5949,1270,8
5950,1271,8
5951,1272,8
5952,1273,8
5953,1281,9
5954,1276,9
5955,1285,9
5956,1274,9
5957,1277,9
5958,1278,9
5959,1279,9
5960,519,9
5961,1280,9
5962,1282,9
5963,1283,9
5964,1284,9
5965,1286,9
5966,1287,9
5967,1288,9
5968,1289,9
5969,1295,9
5970,1296,9
5971,1297,9
5972,1298,9
5973,1299,9
5974,1300,9
5975,1584,8
5976,1301,9
5977,1304,9
5978,1302,9
5979,1303,9
5980,1305,9
5981,1585,7
5982,1306,9
5983,1307,9
5984,1308,9
5985,650,9
5986,1310,9
5987,1311,9
5988,1312,9
5989,1313,9
5990,1586,7
5991,1587,7
5992,1314,8
5993,1315,7
5994,1589,7
5995,1588,7
5996,1590,7
5997,1318,9
5998,1323,9
5999,1319,9
6000,1321,9
6001,1322,9
6002,1320,9
6003,1324,9
6004,1325,9
6005,1326,9
6006,1327,9
6007,1328,9
6008,1331,9
6009,1332,9
6010,1329,9
6011,1335,9
6012,1333,9
6013,1334,9
6014,1336,9
6015,1337,9
6016,1330,9
6017,1340,8
6018,1339,8
6019,1338,8
6020,1341,8
6021,1343,9
6022,1342,9
6023,1344,9
6024,1345,8
6025,1346,9
6026,799,8
6027,1347,8
6028,795,8
6029,1348,9
6030,1352,8
6031,1353,8
6032,1591,7
6033,1592,7
6034,1356,9
6035,1357,9
6036,1358,9
6037,1359,9
6038,1360,9
6039,1361,8
6040,1362,8
6041,1363,8
6042,1364,8
6043,1365,8
6044,1366,9
6045,1368,9
6046,1369,9
6047,1370,9
6048,1372,9
6049,1371,9
6050,1374,7
6051,1376,8
6052,1378,8
6053,1379,8
6054,1381,8
6055,1380,8
6056,1382,8
6057,1383,8
6058,1384,8
6059,1385,8
6060,1386,8
6061,1387,8
6062,1388,8
6063,1389,8
6064,1390,8
6065,1393,8
6066,1391,8
6067,1392,8
6068,1394,9
6069,1395,9
6070,1602,11
6071,1603,11
6072,1604,11
6073,1605,10
6074,1606,10
